NOME_INSTANCIA|MAKESPAN|QTD_ITERACOES|INTER_MELHOR_GLOBAL|QTD_ALTER_MELHOR_GLOBAL|MELHORA_2APT|MELHORA_2SWAP|TEMPO_EXEC
instance241_m=2_n=15_l=15_c=5_s=0_0|231|1000|76|8|1|1|69.6829
instance241_m=2_n=15_l=15_c=5_s=0_1|230|1000|894|8|1|1|68.8666
instance241_m=2_n=15_l=15_c=5_s=0_2|230|1000|169|7|1|1|67.8628
instance241_m=2_n=15_l=15_c=5_s=0_3|231|1000|67|8|1|1|67.4654
instance241_m=2_n=15_l=15_c=5_s=0_4|231|1000|490|10|1|1|68.2721
instance241_m=2_n=15_l=15_c=5_s=0_5|230|1000|17|9|1|1|69.0842
instance241_m=2_n=15_l=15_c=5_s=0_6|230|1000|226|8|1|1|69.1063
instance241_m=2_n=15_l=15_c=5_s=0_7|230|1000|207|8|1|1|68.0312
instance241_m=2_n=15_l=15_c=5_s=0_8|232|1000|970|5|1|1|68.5127
instance241_m=2_n=15_l=15_c=5_s=0_9|231|1000|320|7|1|1|68.2634
instance245_m=2_n=15_l=15_c=5_s=1_0|697|1000|863|14|1|1|68.1191
instance245_m=2_n=15_l=15_c=5_s=1_1|725|1000|112|9|1|1|67.6227
instance245_m=2_n=15_l=15_c=5_s=1_2|718|1000|133|7|1|1|67.9575
instance245_m=2_n=15_l=15_c=5_s=1_3|698|1000|634|16|1|1|68.3503
instance245_m=2_n=15_l=15_c=5_s=1_4|725|1000|347|6|1|1|67.5646
instance245_m=2_n=15_l=15_c=5_s=1_5|756|1000|818|12|1|1|68.3262
instance245_m=2_n=15_l=15_c=5_s=1_6|697|1000|946|11|1|1|67.5995
instance245_m=2_n=15_l=15_c=5_s=1_7|767|1000|16|5|1|1|67.5795
instance245_m=2_n=15_l=15_c=5_s=1_8|741|1000|233|11|1|1|68.6019
instance245_m=2_n=15_l=15_c=5_s=1_9|705|1000|367|8|1|1|68.1475
instance278_m=2_n=15_l=15_c=10_s=1_0|323|1000|14|5|1|1|62.6074
instance278_m=2_n=15_l=15_c=10_s=1_1|323|1000|2|3|1|1|62.047
instance278_m=2_n=15_l=15_c=10_s=1_2|323|1000|97|5|1|1|62.8735
instance278_m=2_n=15_l=15_c=10_s=1_3|323|1000|6|4|1|1|63.0016
instance278_m=2_n=15_l=15_c=10_s=1_4|323|1000|320|6|1|1|62.8363
instance278_m=2_n=15_l=15_c=10_s=1_5|323|1000|13|7|1|1|62.8006
instance278_m=2_n=15_l=15_c=10_s=1_6|323|1000|4|4|1|1|63.14
instance278_m=2_n=15_l=15_c=10_s=1_7|323|1000|2|2|1|1|63.014
instance278_m=2_n=15_l=15_c=10_s=1_8|323|1000|4|4|1|1|63.4312
instance278_m=2_n=15_l=15_c=10_s=1_9|323|1000|29|5|1|1|63.1083
instance314_m=2_n=15_l=15_c=10_s=1_0|472|1000|702|10|1|1|76.9252
instance314_m=2_n=15_l=15_c=10_s=1_1|453|1000|63|8|1|1|74.0425
instance314_m=2_n=15_l=15_c=10_s=1_2|469|1000|598|10|1|1|76.0021
instance314_m=2_n=15_l=15_c=10_s=1_3|472|1000|233|5|1|1|76.2869
instance314_m=2_n=15_l=15_c=10_s=1_4|476|1000|146|6|1|1|74.9168
instance314_m=2_n=15_l=15_c=10_s=1_5|469|1000|717|9|1|1|75.1738
instance314_m=2_n=15_l=15_c=10_s=1_6|496|1000|923|5|1|1|75.033
instance314_m=2_n=15_l=15_c=10_s=1_7|453|1000|57|8|1|1|73.7505
instance314_m=2_n=15_l=15_c=10_s=1_8|468|1000|233|5|1|1|75.5062
instance314_m=2_n=15_l=15_c=10_s=1_9|474|1000|44|6|1|1|76.1168
instance353_m=2_n=15_l=15_c=10_s=1_0|823|1000|54|5|1|1|109.33
instance353_m=2_n=15_l=15_c=10_s=1_1|753|1000|89|9|1|1|106.223
instance353_m=2_n=15_l=15_c=10_s=1_2|768|1000|664|14|1|1|107.439
instance353_m=2_n=15_l=15_c=10_s=1_3|764|1000|116|8|1|1|105.874
instance353_m=2_n=15_l=15_c=10_s=1_4|776|1000|410|10|1|1|109.694
instance353_m=2_n=15_l=15_c=10_s=1_5|767|1000|78|8|1|1|107.997
instance353_m=2_n=15_l=15_c=10_s=1_6|777|1000|8|7|1|1|102.172
instance353_m=2_n=15_l=15_c=10_s=1_7|769|1000|573|12|1|1|111.35
instance353_m=2_n=15_l=15_c=10_s=1_8|736|1000|18|9|1|1|102.143
instance353_m=2_n=15_l=15_c=10_s=1_9|701|1000|823|12|1|1|107.425
instance395_m=2_n=15_l=20_c=12_s=1_0|459|1000|23|6|1|1|68.4917
instance395_m=2_n=15_l=20_c=12_s=1_1|459|1000|13|7|1|1|68.6043
instance395_m=2_n=15_l=20_c=12_s=1_2|459|1000|5|5|1|1|68.1418
instance395_m=2_n=15_l=20_c=12_s=1_3|459|1000|3|4|1|1|68.3945
instance395_m=2_n=15_l=20_c=12_s=1_4|459|1000|603|7|1|1|69.5648
instance395_m=2_n=15_l=20_c=12_s=1_5|459|1000|78|7|1|1|68.4268
instance395_m=2_n=15_l=20_c=12_s=1_6|459|1000|300|6|1|1|69.8706
instance395_m=2_n=15_l=20_c=12_s=1_7|459|1000|68|6|1|1|68.3807
instance395_m=2_n=15_l=20_c=12_s=1_8|459|1000|4|4|1|1|68.6396
instance395_m=2_n=15_l=20_c=12_s=1_9|459|1000|34|6|1|1|68.6718
instance455_m=2_n=15_l=20_c=15_s=1_0|658|1000|352|10|1|1|130.886
instance455_m=2_n=15_l=20_c=15_s=1_1|658|1000|438|11|1|1|131.277
instance455_m=2_n=15_l=20_c=15_s=1_2|683|1000|157|11|1|1|131.039
instance455_m=2_n=15_l=20_c=15_s=1_3|658|1000|152|13|1|1|127.636
instance455_m=2_n=15_l=20_c=15_s=1_4|654|1000|442|8|1|1|128.256
instance455_m=2_n=15_l=20_c=15_s=1_5|695|1000|913|11|1|1|131.959
instance455_m=2_n=15_l=20_c=15_s=1_6|694|1000|136|12|1|1|125.352
instance455_m=2_n=15_l=20_c=15_s=1_7|681|1000|860|10|1|1|131.914
instance455_m=2_n=15_l=20_c=15_s=1_8|678|1000|981|11|1|1|133.134
instance455_m=2_n=15_l=20_c=15_s=1_9|711|1000|928|8|1|1|131.498
instance484_m=3_n=15_l=15_c=5_s=0_0|359|1000|533|8|1|1|67.5903
instance484_m=3_n=15_l=15_c=5_s=0_1|371|1000|416|7|1|1|68.5064
instance484_m=3_n=15_l=15_c=5_s=0_2|345|1000|530|7|1|1|68.6389
instance484_m=3_n=15_l=15_c=5_s=0_3|345|1000|201|9|1|1|68.1537
instance484_m=3_n=15_l=15_c=5_s=0_4|362|1000|17|4|1|1|67.3126
instance484_m=3_n=15_l=15_c=5_s=0_5|345|1000|928|11|1|1|68.749
instance484_m=3_n=15_l=15_c=5_s=0_6|351|1000|134|7|1|1|67.9119
instance484_m=3_n=15_l=15_c=5_s=0_7|359|1000|158|11|1|1|68.9608
instance484_m=3_n=15_l=15_c=5_s=0_8|359|1000|730|12|1|1|68.6884
instance484_m=3_n=15_l=15_c=5_s=0_9|351|1000|501|10|1|1|68.3272
instance524_m=3_n=15_l=15_c=10_s=1_0|163|1000|79|10|1|1|62.535
instance524_m=3_n=15_l=15_c=10_s=1_1|163|1000|82|10|1|1|62.3259
instance524_m=3_n=15_l=15_c=10_s=1_2|163|1000|67|6|1|1|61.3279
instance524_m=3_n=15_l=15_c=10_s=1_3|163|1000|184|12|1|1|61.4205
instance524_m=3_n=15_l=15_c=10_s=1_4|163|1000|266|9|1|1|61.8164
instance524_m=3_n=15_l=15_c=10_s=1_5|163|1000|356|6|1|1|62.331
instance524_m=3_n=15_l=15_c=10_s=1_6|163|1000|155|11|1|1|61.0198
instance524_m=3_n=15_l=15_c=10_s=1_7|163|1000|360|9|1|1|62.011
instance524_m=3_n=15_l=15_c=10_s=1_8|163|1000|167|8|1|1|61.4431
instance524_m=3_n=15_l=15_c=10_s=1_9|163|1000|205|9|1|1|61.6747
instance536_m=3_n=15_l=15_c=10_s=1_0|147|1000|58|5|1|1|61.016
instance536_m=3_n=15_l=15_c=10_s=1_1|147|1000|3|4|1|1|60.4995
instance536_m=3_n=15_l=15_c=10_s=1_2|147|1000|65|6|1|1|61.0902
instance536_m=3_n=15_l=15_c=10_s=1_3|147|1000|113|8|1|1|61.3532
instance536_m=3_n=15_l=15_c=10_s=1_4|147|1000|127|8|1|1|61.1641
instance536_m=3_n=15_l=15_c=10_s=1_5|147|1000|103|8|1|1|61.8968
instance536_m=3_n=15_l=15_c=10_s=1_6|147|1000|64|8|1|1|61.2313
instance536_m=3_n=15_l=15_c=10_s=1_7|147|1000|59|12|1|1|61.5512
instance536_m=3_n=15_l=15_c=10_s=1_8|147|1000|61|6|1|1|60.8139
instance536_m=3_n=15_l=15_c=10_s=1_9|147|1000|30|6|1|1|60.5115
instance551_m=3_n=15_l=15_c=10_s=1_0|296|1000|321|11|1|1|71.5176
instance551_m=3_n=15_l=15_c=10_s=1_1|296|1000|105|6|1|1|71.0608
instance551_m=3_n=15_l=15_c=10_s=1_2|296|1000|816|10|1|1|73.2016
instance551_m=3_n=15_l=15_c=10_s=1_3|328|1000|14|7|1|1|72.1773
instance551_m=3_n=15_l=15_c=10_s=1_4|296|1000|153|11|1|1|73.2417
instance551_m=3_n=15_l=15_c=10_s=1_5|296|1000|84|9|1|1|70.5474
instance551_m=3_n=15_l=15_c=10_s=1_6|296|1000|68|9|1|1|70.7719
instance551_m=3_n=15_l=15_c=10_s=1_7|296|1000|210|8|1|1|72.5041
instance551_m=3_n=15_l=15_c=10_s=1_8|325|1000|199|7|1|1|72.0983
instance551_m=3_n=15_l=15_c=10_s=1_9|296|1000|18|7|1|1|71.1051
instance569_m=3_n=15_l=15_c=10_s=1_0|252|1000|10|6|1|1|72.9513
instance569_m=3_n=15_l=15_c=10_s=1_1|252|1000|988|11|1|1|74.4894
instance569_m=3_n=15_l=15_c=10_s=1_2|250|1000|93|7|1|1|74.7568
instance569_m=3_n=15_l=15_c=10_s=1_3|252|1000|16|5|1|1|70.856
instance569_m=3_n=15_l=15_c=10_s=1_4|252|1000|649|8|1|1|74.237
instance569_m=3_n=15_l=15_c=10_s=1_5|252|1000|35|4|1|1|74.8961
instance569_m=3_n=15_l=15_c=10_s=1_6|252|1000|102|8|1|1|73.8422
instance569_m=3_n=15_l=15_c=10_s=1_7|250|1000|72|9|1|1|72.8386
instance569_m=3_n=15_l=15_c=10_s=1_8|256|1000|432|10|1|1|74.4486
instance569_m=3_n=15_l=15_c=10_s=1_9|250|1000|344|13|1|1|71.8694
instance586_m=3_n=15_l=15_c=10_s=0_0|301|1000|338|7|1|1|103.83
instance586_m=3_n=15_l=15_c=10_s=0_1|305|1000|751|7|1|1|106.642
instance586_m=3_n=15_l=15_c=10_s=0_2|286|1000|123|8|1|1|101.495
instance586_m=3_n=15_l=15_c=10_s=0_3|295|1000|249|11|1|1|105.065
instance586_m=3_n=15_l=15_c=10_s=0_4|295|1000|860|6|1|1|97.6913
instance586_m=3_n=15_l=15_c=10_s=0_5|283|1000|620|11|1|1|104.203
instance586_m=3_n=15_l=15_c=10_s=0_6|303|1000|357|13|1|1|106.175
instance586_m=3_n=15_l=15_c=10_s=0_7|297|1000|566|9|1|1|106.397
instance586_m=3_n=15_l=15_c=10_s=0_8|288|1000|270|13|1|1|102.665
instance586_m=3_n=15_l=15_c=10_s=0_9|283|1000|944|13|1|1|104.848
instance622_m=3_n=15_l=20_c=8_s=0_0|333|1000|92|13|1|1|75.8831
instance622_m=3_n=15_l=20_c=8_s=0_1|336|1000|667|7|1|1|77.7836
instance622_m=3_n=15_l=20_c=8_s=0_2|333|1000|491|15|1|1|76.7843
instance622_m=3_n=15_l=20_c=8_s=0_3|333|1000|451|13|1|1|76.1663
instance622_m=3_n=15_l=20_c=8_s=0_4|333|1000|476|10|1|1|75.1918
instance622_m=3_n=15_l=20_c=8_s=0_5|333|1000|189|8|1|1|76.0621
instance622_m=3_n=15_l=20_c=8_s=0_6|333|1000|46|8|1|1|74.7198
instance622_m=3_n=15_l=20_c=8_s=0_7|340|1000|62|7|1|1|75.8407
instance622_m=3_n=15_l=20_c=8_s=0_8|351|1000|23|4|1|1|76.1619
instance622_m=3_n=15_l=20_c=8_s=0_9|336|1000|959|11|1|1|76.5297
instance624_m=3_n=15_l=20_c=8_s=2_0|146|1000|158|6|1|1|77.448
instance624_m=3_n=15_l=20_c=8_s=2_1|145|1000|66|6|1|1|78.2985
instance624_m=3_n=15_l=20_c=8_s=2_2|146|1000|42|4|1|1|76.6323
instance624_m=3_n=15_l=20_c=8_s=2_3|146|1000|134|7|1|1|76.1142
instance624_m=3_n=15_l=20_c=8_s=2_4|146|1000|332|6|1|1|77.0634
instance624_m=3_n=15_l=20_c=8_s=2_5|146|1000|465|7|1|1|76.6919
instance624_m=3_n=15_l=20_c=8_s=2_6|144|1000|441|7|1|1|76.9224
instance624_m=3_n=15_l=20_c=8_s=2_7|146|1000|251|6|1|1|77.5523
instance624_m=3_n=15_l=20_c=8_s=2_8|146|1000|257|5|1|1|76.9269
instance624_m=3_n=15_l=20_c=8_s=2_9|146|1000|60|7|1|1|76.6926
instance645_m=3_n=15_l=20_c=12_s=2_0|168|1000|491|3|1|1|67.638
instance645_m=3_n=15_l=20_c=12_s=2_1|168|1000|539|3|1|1|67.5539
instance645_m=3_n=15_l=20_c=12_s=2_2|168|1000|421|5|1|1|67.2491
instance645_m=3_n=15_l=20_c=12_s=2_3|168|1000|370|2|1|1|66.2603
instance645_m=3_n=15_l=20_c=12_s=2_4|169|1000|74|3|1|1|66.6666
instance645_m=3_n=15_l=20_c=12_s=2_5|168|1000|196|6|1|1|65.7722
instance645_m=3_n=15_l=20_c=12_s=2_6|168|1000|832|5|1|1|67.3909
instance645_m=3_n=15_l=20_c=12_s=2_7|168|1000|140|5|1|1|66.1959
instance645_m=3_n=15_l=20_c=12_s=2_8|169|1000|10|6|1|1|67.2862
instance645_m=3_n=15_l=20_c=12_s=2_9|168|1000|60|7|1|1|66.0281
instance651_m=3_n=15_l=20_c=12_s=2_0|172|1000|908|9|1|1|66.0065
instance651_m=3_n=15_l=20_c=12_s=2_1|172|1000|653|8|1|1|66.0711
instance651_m=3_n=15_l=20_c=12_s=2_2|172|1000|55|5|1|1|64.3502
instance651_m=3_n=15_l=20_c=12_s=2_3|172|1000|715|9|1|1|66.2157
instance651_m=3_n=15_l=20_c=12_s=2_4|175|1000|979|8|1|1|66.2969
instance651_m=3_n=15_l=20_c=12_s=2_5|172|1000|814|6|1|1|66.0003
instance651_m=3_n=15_l=20_c=12_s=2_6|177|1000|24|6|1|1|65.2429
instance651_m=3_n=15_l=20_c=12_s=2_7|172|1000|457|10|1|1|66.1374
instance651_m=3_n=15_l=20_c=12_s=2_8|172|1000|64|5|1|1|65.3408
instance651_m=3_n=15_l=20_c=12_s=2_9|175|1000|142|8|1|1|65.8518
instance685_m=3_n=15_l=20_c=15_s=0_0|163|1000|19|3|1|1|59.0242
instance685_m=3_n=15_l=20_c=15_s=0_1|163|1000|12|4|1|1|59.0862
instance685_m=3_n=15_l=20_c=15_s=0_2|163|1000|43|5|1|1|58.8224
instance685_m=3_n=15_l=20_c=15_s=0_3|163|1000|38|5|1|1|58.7383
instance685_m=3_n=15_l=20_c=15_s=0_4|163|1000|50|5|1|1|58.9814
instance685_m=3_n=15_l=20_c=15_s=0_5|163|1000|20|3|1|1|58.8964
instance685_m=3_n=15_l=20_c=15_s=0_6|163|1000|6|3|1|1|58.7312
instance685_m=3_n=15_l=20_c=15_s=0_7|163|1000|10|4|1|1|58.6764
instance685_m=3_n=15_l=20_c=15_s=0_8|163|1000|46|3|1|1|58.7228
instance685_m=3_n=15_l=20_c=15_s=0_9|163|1000|61|4|1|1|58.847
instance689_m=3_n=15_l=20_c=15_s=1_0|142|1000|38|3|1|1|58.9974
instance689_m=3_n=15_l=20_c=15_s=1_1|142|1000|25|4|1|1|58.8165
instance689_m=3_n=15_l=20_c=15_s=1_2|142|1000|30|5|1|1|58.7683
instance689_m=3_n=15_l=20_c=15_s=1_3|142|1000|1|2|1|1|59.1296
instance689_m=3_n=15_l=20_c=15_s=1_4|142|1000|26|8|1|1|58.4421
instance689_m=3_n=15_l=20_c=15_s=1_5|142|1000|36|5|1|1|58.6364
instance689_m=3_n=15_l=20_c=15_s=1_6|142|1000|381|4|1|1|58.8112
instance689_m=3_n=15_l=20_c=15_s=1_7|142|1000|5|4|1|1|58.7776
instance689_m=3_n=15_l=20_c=15_s=1_8|142|1000|5|2|1|1|58.6165
instance689_m=3_n=15_l=20_c=15_s=1_9|142|1000|99|3|1|1|58.691
instance696_m=3_n=15_l=20_c=15_s=2_0|195|1000|313|7|1|1|120.207
instance696_m=3_n=15_l=20_c=15_s=2_1|198|1000|240|6|1|1|120.61
instance696_m=3_n=15_l=20_c=15_s=2_2|196|1000|589|8|1|1|119.394
instance696_m=3_n=15_l=20_c=15_s=2_3|192|1000|457|7|1|1|118.323
instance696_m=3_n=15_l=20_c=15_s=2_4|197|1000|166|6|1|1|121.379
instance696_m=3_n=15_l=20_c=15_s=2_5|199|1000|386|4|1|1|123.68
instance696_m=3_n=15_l=20_c=15_s=2_6|196|1000|452|6|1|1|121.659
instance696_m=3_n=15_l=20_c=15_s=2_7|197|1000|391|8|1|1|121.531
instance696_m=3_n=15_l=20_c=15_s=2_8|197|1000|498|6|1|1|120.303
instance696_m=3_n=15_l=20_c=15_s=2_9|197|1000|391|6|1|1|119.318
instance701_m=3_n=15_l=20_c=15_s=1_0|372|1000|838|15|1|1|121.529
instance701_m=3_n=15_l=20_c=15_s=1_1|385|1000|679|11|1|1|120.612
instance701_m=3_n=15_l=20_c=15_s=1_2|376|1000|648|9|1|1|121.108
instance701_m=3_n=15_l=20_c=15_s=1_3|367|1000|74|6|1|1|119.73
instance701_m=3_n=15_l=20_c=15_s=1_4|367|1000|71|8|1|1|119.526
instance701_m=3_n=15_l=20_c=15_s=1_5|374|1000|396|9|1|1|119.547
instance701_m=3_n=15_l=20_c=15_s=1_6|357|1000|266|4|1|1|115.732
instance701_m=3_n=15_l=20_c=15_s=1_7|374|1000|719|11|1|1|116.027
instance701_m=3_n=15_l=20_c=15_s=1_8|367|1000|823|5|1|1|119.509
instance701_m=3_n=15_l=20_c=15_s=1_9|355|1000|288|7|1|1|118.082
instance711_m=3_n=15_l=20_c=15_s=2_0|152|1000|38|4|1|1|121.914
instance711_m=3_n=15_l=20_c=15_s=2_1|151|1000|579|8|1|1|124.137
instance711_m=3_n=15_l=20_c=15_s=2_2|153|1000|8|4|1|1|119.731
instance711_m=3_n=15_l=20_c=15_s=2_3|151|1000|413|4|1|1|121.014
instance711_m=3_n=15_l=20_c=15_s=2_4|152|1000|274|6|1|1|120.557
instance711_m=3_n=15_l=20_c=15_s=2_5|152|1000|27|5|1|1|121.633
instance711_m=3_n=15_l=20_c=15_s=2_6|152|1000|12|3|1|1|118.156
instance711_m=3_n=15_l=20_c=15_s=2_7|152|1000|25|5|1|1|120.888
instance711_m=3_n=15_l=20_c=15_s=2_8|151|1000|417|8|1|1|120.412
instance711_m=3_n=15_l=20_c=15_s=2_9|152|1000|323|6|1|1|123.695
instance714_m=3_n=15_l=20_c=15_s=2_0|140|1000|378|8|1|1|121.985
instance714_m=3_n=15_l=20_c=15_s=2_1|141|1000|94|7|1|1|123.551
instance714_m=3_n=15_l=20_c=15_s=2_2|141|1000|506|7|1|1|119.335
instance714_m=3_n=15_l=20_c=15_s=2_3|140|1000|545|8|1|1|121.479
instance714_m=3_n=15_l=20_c=15_s=2_4|139|1000|547|7|1|1|120.721
instance714_m=3_n=15_l=20_c=15_s=2_5|141|1000|65|4|1|1|121.086
instance714_m=3_n=15_l=20_c=15_s=2_6|140|1000|478|8|1|1|123.67
instance714_m=3_n=15_l=20_c=15_s=2_7|141|1000|172|6|1|1|122.71
instance714_m=3_n=15_l=20_c=15_s=2_8|139|1000|567|7|1|1|121.243
instance714_m=3_n=15_l=20_c=15_s=2_9|141|1000|16|4|1|1|121.039
instance720_m=3_n=15_l=20_c=15_s=2_0|168|1000|896|5|1|1|122.626
instance720_m=3_n=15_l=20_c=15_s=2_1|172|1000|38|3|1|1|117.308
instance720_m=3_n=15_l=20_c=15_s=2_2|171|1000|94|7|1|1|120.985
instance720_m=3_n=15_l=20_c=15_s=2_3|169|1000|130|6|1|1|118.495
instance720_m=3_n=15_l=20_c=15_s=2_4|171|1000|753|7|1|1|123.786
instance720_m=3_n=15_l=20_c=15_s=2_5|171|1000|761|10|1|1|122.715
instance720_m=3_n=15_l=20_c=15_s=2_6|171|1000|91|5|1|1|121.52
instance720_m=3_n=15_l=20_c=15_s=2_7|171|1000|8|4|1|1|117.159
instance720_m=3_n=15_l=20_c=15_s=2_8|171|1000|232|5|1|1|123.389
instance720_m=3_n=15_l=20_c=15_s=2_9|171|1000|230|8|1|1|122.507
instance1019_m=3_n=25_l=15_c=10_s=1_0|341|1000|186|13|1|1|171.753
instance1019_m=3_n=25_l=15_c=10_s=1_1|340|1000|866|19|1|1|172.134
instance1019_m=3_n=25_l=15_c=10_s=1_2|361|1000|486|15|1|1|172.88
instance1019_m=3_n=25_l=15_c=10_s=1_3|339|1000|373|11|1|1|170.674
instance1019_m=3_n=25_l=15_c=10_s=1_4|335|1000|728|11|1|1|171.922
instance1019_m=3_n=25_l=15_c=10_s=1_5|334|1000|634|9|1|1|169.726
instance1019_m=3_n=25_l=15_c=10_s=1_6|338|1000|727|16|1|1|172.476
instance1019_m=3_n=25_l=15_c=10_s=1_7|329|1000|581|20|1|1|170.722
instance1019_m=3_n=25_l=15_c=10_s=1_8|345|1000|947|9|1|1|171.918
instance1019_m=3_n=25_l=15_c=10_s=1_9|351|1000|360|10|1|1|171.319
instance1036_m=3_n=25_l=15_c=10_s=0_0|223|1000|962|12|1|1|180.547
instance1036_m=3_n=25_l=15_c=10_s=0_1|222|1000|788|16|1|1|180.423
instance1036_m=3_n=25_l=15_c=10_s=0_2|226|1000|884|8|1|1|180.758
instance1036_m=3_n=25_l=15_c=10_s=0_3|229|1000|438|11|1|1|180.783
instance1036_m=3_n=25_l=15_c=10_s=0_4|228|1000|951|8|1|1|179.168
instance1036_m=3_n=25_l=15_c=10_s=0_5|226|1000|509|15|1|1|180.016
instance1036_m=3_n=25_l=15_c=10_s=0_6|224|1000|886|14|1|1|180.844
instance1036_m=3_n=25_l=15_c=10_s=0_7|224|1000|626|14|1|1|180.676
instance1036_m=3_n=25_l=15_c=10_s=0_8|225|1000|382|10|1|1|180.21
instance1036_m=3_n=25_l=15_c=10_s=0_9|228|1000|96|9|1|1|177.679
instance1055_m=3_n=25_l=15_c=10_s=1_0|326|1000|303|13|1|1|173.711
instance1055_m=3_n=25_l=15_c=10_s=1_1|324|1000|877|15|1|1|173.287
instance1055_m=3_n=25_l=15_c=10_s=1_2|344|1000|589|8|1|1|174.409
instance1055_m=3_n=25_l=15_c=10_s=1_3|325|1000|21|9|1|1|156.712
instance1055_m=3_n=25_l=15_c=10_s=1_4|325|1000|51|8|1|1|171.412
instance1055_m=3_n=25_l=15_c=10_s=1_5|333|1000|293|12|1|1|172.972
instance1055_m=3_n=25_l=15_c=10_s=1_6|356|1000|695|21|1|1|175.266
instance1055_m=3_n=25_l=15_c=10_s=1_7|323|1000|293|11|1|1|174.072
instance1055_m=3_n=25_l=15_c=10_s=1_8|323|1000|398|13|1|1|173.177
instance1055_m=3_n=25_l=15_c=10_s=1_9|348|1000|683|16|1|1|174.549
instance1078_m=3_n=25_l=15_c=10_s=0_0|280|1000|827|12|1|1|173.335
instance1078_m=3_n=25_l=15_c=10_s=0_1|270|1000|665|14|1|1|173.41
instance1078_m=3_n=25_l=15_c=10_s=0_2|283|1000|702|10|1|1|174.044
instance1078_m=3_n=25_l=15_c=10_s=0_3|289|1000|834|13|1|1|174.097
instance1078_m=3_n=25_l=15_c=10_s=0_4|282|1000|137|9|1|1|174.14
instance1078_m=3_n=25_l=15_c=10_s=0_5|284|1000|450|11|1|1|174.891
instance1078_m=3_n=25_l=15_c=10_s=0_6|280|1000|313|8|1|1|172.178
instance1078_m=3_n=25_l=15_c=10_s=0_7|282|1000|146|11|1|1|174.124
instance1078_m=3_n=25_l=15_c=10_s=0_8|270|1000|465|14|1|1|171.021
instance1078_m=3_n=25_l=15_c=10_s=0_9|279|1000|41|7|1|1|173.481
instance1094_m=3_n=25_l=20_c=10_s=1_0|488|1000|729|16|1|1|187.301
instance1094_m=3_n=25_l=20_c=10_s=1_1|475|1000|973|8|1|1|187.844
instance1094_m=3_n=25_l=20_c=10_s=1_2|507|1000|726|18|1|1|189.838
instance1094_m=3_n=25_l=20_c=10_s=1_3|439|1000|787|15|1|1|186.366
instance1094_m=3_n=25_l=20_c=10_s=1_4|493|1000|811|13|1|1|189.351
instance1094_m=3_n=25_l=20_c=10_s=1_5|479|1000|984|14|1|1|187.548
instance1094_m=3_n=25_l=20_c=10_s=1_6|456|1000|547|18|1|1|187.214
instance1094_m=3_n=25_l=20_c=10_s=1_7|498|1000|861|11|1|1|188.622
instance1094_m=3_n=25_l=20_c=10_s=1_8|453|1000|901|13|1|1|188.379
instance1094_m=3_n=25_l=20_c=10_s=1_9|453|1000|88|14|1|1|185.582
instance1117_m=3_n=25_l=20_c=10_s=0_0|300|1000|898|13|1|1|198.251
instance1117_m=3_n=25_l=20_c=10_s=0_1|296|1000|865|12|1|1|194.576
instance1117_m=3_n=25_l=20_c=10_s=0_2|293|1000|901|20|1|1|196.537
instance1117_m=3_n=25_l=20_c=10_s=0_3|285|1000|971|12|1|1|196.396
instance1117_m=3_n=25_l=20_c=10_s=0_4|310|1000|286|13|1|1|197.663
instance1117_m=3_n=25_l=20_c=10_s=0_5|294|1000|814|15|1|1|196.384
instance1117_m=3_n=25_l=20_c=10_s=0_6|304|1000|518|9|1|1|196.053
instance1117_m=3_n=25_l=20_c=10_s=0_7|304|1000|765|15|1|1|198.412
instance1117_m=3_n=25_l=20_c=10_s=0_8|314|1000|672|11|1|1|197.2
instance1117_m=3_n=25_l=20_c=10_s=0_9|301|1000|770|10|1|1|196.421
instance1145_m=3_n=25_l=20_c=15_s=1_0|378|1000|408|12|1|1|221.903
instance1145_m=3_n=25_l=20_c=15_s=1_1|381|1000|733|11|1|1|218.388
instance1145_m=3_n=25_l=20_c=15_s=1_2|361|1000|930|14|1|1|226.723
instance1145_m=3_n=25_l=20_c=15_s=1_3|411|1000|738|11|1|1|226.875
instance1145_m=3_n=25_l=20_c=15_s=1_4|355|1000|216|12|1|1|219.656
instance1145_m=3_n=25_l=20_c=15_s=1_5|387|1000|970|18|1|1|224.927
instance1145_m=3_n=25_l=20_c=15_s=1_6|382|1000|858|15|1|1|224.054
instance1145_m=3_n=25_l=20_c=15_s=1_7|363|1000|324|11|1|1|222.396
instance1145_m=3_n=25_l=20_c=15_s=1_8|382|1000|539|20|1|1|224.68
instance1145_m=3_n=25_l=20_c=15_s=1_9|393|1000|208|19|1|1|221.271
instance1159_m=3_n=25_l=20_c=15_s=0_0|264|1000|394|9|1|1|225.494
instance1159_m=3_n=25_l=20_c=15_s=0_1|288|1000|374|10|1|1|224.204
instance1159_m=3_n=25_l=20_c=15_s=0_2|298|1000|214|13|1|1|228.667
instance1159_m=3_n=25_l=20_c=15_s=0_3|278|1000|774|14|1|1|224.21
instance1159_m=3_n=25_l=20_c=15_s=0_4|288|1000|945|13|1|1|223.94
instance1159_m=3_n=25_l=20_c=15_s=0_5|279|1000|836|21|1|1|225.539
instance1159_m=3_n=25_l=20_c=15_s=0_6|288|1000|454|11|1|1|223.023
instance1159_m=3_n=25_l=20_c=15_s=0_7|275|1000|775|15|1|1|223.09
instance1159_m=3_n=25_l=20_c=15_s=0_8|282|1000|157|9|1|1|220.788
instance1159_m=3_n=25_l=20_c=15_s=0_9|287|1000|339|13|1|1|223.196
instance1184_m=3_n=25_l=20_c=15_s=1_0|193|1000|388|16|1|1|195.55
instance1184_m=3_n=25_l=20_c=15_s=1_1|253|1000|250|8|1|1|195.749
instance1184_m=3_n=25_l=20_c=15_s=1_2|193|1000|348|21|1|1|197.48
instance1184_m=3_n=25_l=20_c=15_s=1_3|193|1000|198|13|1|1|193.786
instance1184_m=3_n=25_l=20_c=15_s=1_4|197|1000|659|15|1|1|196.127
instance1184_m=3_n=25_l=20_c=15_s=1_5|193|1000|391|17|1|1|195.176
instance1184_m=3_n=25_l=20_c=15_s=1_6|193|1000|286|13|1|1|195.961
instance1184_m=3_n=25_l=20_c=15_s=1_7|193|1000|851|20|1|1|195.626
instance1184_m=3_n=25_l=20_c=15_s=1_8|193|1000|114|14|1|1|192.49
instance1184_m=3_n=25_l=20_c=15_s=1_9|193|1000|791|21|1|1|197.919
instance1201_m=4_n=25_l=15_c=10_s=0_0|228|1000|503|6|1|1|174.494
instance1201_m=4_n=25_l=15_c=10_s=0_1|232|1000|398|11|1|1|175.554
instance1201_m=4_n=25_l=15_c=10_s=0_2|220|1000|970|9|1|1|174.71
instance1201_m=4_n=25_l=15_c=10_s=0_3|232|1000|984|12|1|1|176.846
instance1201_m=4_n=25_l=15_c=10_s=0_4|226|1000|440|11|1|1|176.038
instance1201_m=4_n=25_l=15_c=10_s=0_5|227|1000|465|9|1|1|174.77
instance1201_m=4_n=25_l=15_c=10_s=0_6|231|1000|935|9|1|1|175.29
instance1201_m=4_n=25_l=15_c=10_s=0_7|232|1000|773|9|1|1|175.88
instance1201_m=4_n=25_l=15_c=10_s=0_8|226|1000|927|9|1|1|175.418
instance1201_m=4_n=25_l=15_c=10_s=0_9|232|1000|849|9|1|1|176.488
instance1217_m=4_n=25_l=15_c=10_s=1_0|198|1000|904|21|1|1|174.38
instance1217_m=4_n=25_l=15_c=10_s=1_1|212|1000|543|13|1|1|175.783
instance1217_m=4_n=25_l=15_c=10_s=1_2|187|1000|149|14|1|1|174.004
instance1217_m=4_n=25_l=15_c=10_s=1_3|191|1000|660|18|1|1|174.498
instance1217_m=4_n=25_l=15_c=10_s=1_4|191|1000|636|12|1|1|174.593
instance1217_m=4_n=25_l=15_c=10_s=1_5|196|1000|854|16|1|1|174.805
instance1217_m=4_n=25_l=15_c=10_s=1_6|191|1000|436|11|1|1|173.701
instance1217_m=4_n=25_l=15_c=10_s=1_7|186|1000|933|15|1|1|175.421
instance1217_m=4_n=25_l=15_c=10_s=1_8|196|1000|411|11|1|1|174.663
instance1217_m=4_n=25_l=15_c=10_s=1_9|186|1000|291|18|1|1|173.493
instance1237_m=4_n=25_l=15_c=10_s=0_0|207|1000|466|11|1|1|169.725
instance1237_m=4_n=25_l=15_c=10_s=0_1|207|1000|939|7|1|1|169.243
instance1237_m=4_n=25_l=15_c=10_s=0_2|208|1000|328|11|1|1|169.204
instance1237_m=4_n=25_l=15_c=10_s=0_3|212|1000|878|11|1|1|170.171
instance1237_m=4_n=25_l=15_c=10_s=0_4|206|1000|285|8|1|1|169.258
instance1237_m=4_n=25_l=15_c=10_s=0_5|210|1000|254|8|1|1|170.119
instance1237_m=4_n=25_l=15_c=10_s=0_6|203|1000|829|13|1|1|168.084
instance1237_m=4_n=25_l=15_c=10_s=0_7|212|1000|706|9|1|1|169.811
instance1237_m=4_n=25_l=15_c=10_s=0_8|204|1000|346|10|1|1|169.38
instance1237_m=4_n=25_l=15_c=10_s=0_9|209|1000|251|9|1|1|169.513
instance1250_m=4_n=25_l=15_c=10_s=1_0|152|1000|187|11|1|1|168.685
instance1250_m=4_n=25_l=15_c=10_s=1_1|150|1000|743|13|1|1|169.531
instance1250_m=4_n=25_l=15_c=10_s=1_2|156|1000|199|13|1|1|168.894
instance1250_m=4_n=25_l=15_c=10_s=1_3|159|1000|609|14|1|1|170.652
instance1250_m=4_n=25_l=15_c=10_s=1_4|151|1000|299|14|1|1|168.561
instance1250_m=4_n=25_l=15_c=10_s=1_5|157|1000|513|8|1|1|169.366
instance1250_m=4_n=25_l=15_c=10_s=1_6|153|1000|992|14|1|1|169.094
instance1250_m=4_n=25_l=15_c=10_s=1_7|154|1000|553|12|1|1|169.353
instance1250_m=4_n=25_l=15_c=10_s=1_8|152|1000|664|14|1|1|169.419
instance1250_m=4_n=25_l=15_c=10_s=1_9|151|1000|911|16|1|1|169.084
instance1270_m=4_n=25_l=15_c=10_s=0_0|211|1000|745|15|1|1|177.6
instance1270_m=4_n=25_l=15_c=10_s=0_1|209|1000|686|13|1|1|176.536
instance1270_m=4_n=25_l=15_c=10_s=0_2|220|1000|721|13|1|1|178.872
instance1270_m=4_n=25_l=15_c=10_s=0_3|220|1000|873|8|1|1|178.298
instance1270_m=4_n=25_l=15_c=10_s=0_4|211|1000|744|12|1|1|176.991
instance1270_m=4_n=25_l=15_c=10_s=0_5|210|1000|569|19|1|1|177.385
instance1270_m=4_n=25_l=15_c=10_s=0_6|228|1000|910|13|1|1|178.408
instance1270_m=4_n=25_l=15_c=10_s=0_7|222|1000|975|10|1|1|178.446
instance1270_m=4_n=25_l=15_c=10_s=0_8|220|1000|311|11|1|1|177.765
instance1270_m=4_n=25_l=15_c=10_s=0_9|213|1000|717|11|1|1|175.984
instance1280_m=4_n=25_l=15_c=10_s=1_0|222|1000|857|12|1|1|176.477
instance1280_m=4_n=25_l=15_c=10_s=1_1|207|1000|969|15|1|1|175.944
instance1280_m=4_n=25_l=15_c=10_s=1_2|202|1000|937|18|1|1|176.861
instance1280_m=4_n=25_l=15_c=10_s=1_3|215|1000|901|15|1|1|179.116
instance1280_m=4_n=25_l=15_c=10_s=1_4|229|1000|292|12|1|1|177.197
instance1280_m=4_n=25_l=15_c=10_s=1_5|225|1000|628|12|1|1|178.033
instance1280_m=4_n=25_l=15_c=10_s=1_6|228|1000|841|21|1|1|177.866
instance1280_m=4_n=25_l=15_c=10_s=1_7|205|1000|187|9|1|1|175.371
instance1280_m=4_n=25_l=15_c=10_s=1_8|219|1000|899|10|1|1|176.339
instance1280_m=4_n=25_l=15_c=10_s=1_9|224|1000|570|8|1|1|176.437
instance1297_m=4_n=25_l=15_c=10_s=0_0|233|1000|968|10|1|1|172.502
instance1297_m=4_n=25_l=15_c=10_s=0_1|227|1000|492|10|1|1|172.597
instance1297_m=4_n=25_l=15_c=10_s=0_2|225|1000|372|9|1|1|171.408
instance1297_m=4_n=25_l=15_c=10_s=0_3|224|1000|269|8|1|1|172.357
instance1297_m=4_n=25_l=15_c=10_s=0_4|230|1000|982|13|1|1|172.6
instance1297_m=4_n=25_l=15_c=10_s=0_5|229|1000|643|10|1|1|171.975
instance1297_m=4_n=25_l=15_c=10_s=0_6|225|1000|287|10|1|1|173.098
instance1297_m=4_n=25_l=15_c=10_s=0_7|226|1000|541|14|1|1|172.482
instance1297_m=4_n=25_l=15_c=10_s=0_8|225|1000|692|10|1|1|172.366
instance1297_m=4_n=25_l=15_c=10_s=0_9|223|1000|869|9|1|1|171.777
instance1307_m=4_n=25_l=15_c=10_s=1_0|181|1000|812|17|1|1|170.943
instance1307_m=4_n=25_l=15_c=10_s=1_1|178|1000|623|11|1|1|171.323
instance1307_m=4_n=25_l=15_c=10_s=1_2|187|1000|984|13|1|1|171.037
instance1307_m=4_n=25_l=15_c=10_s=1_3|177|1000|192|18|1|1|170.382
instance1307_m=4_n=25_l=15_c=10_s=1_4|182|1000|848|15|1|1|171.121
instance1307_m=4_n=25_l=15_c=10_s=1_5|175|1000|578|21|1|1|171.848
instance1307_m=4_n=25_l=15_c=10_s=1_6|198|1000|814|11|1|1|172.754
instance1307_m=4_n=25_l=15_c=10_s=1_7|181|1000|293|19|1|1|171.501
instance1307_m=4_n=25_l=15_c=10_s=1_8|185|1000|748|15|1|1|171.803
instance1307_m=4_n=25_l=15_c=10_s=1_9|178|1000|439|15|1|1|170.436
instance1334_m=4_n=25_l=20_c=10_s=1_0|248|1000|211|15|1|1|181.037
instance1334_m=4_n=25_l=20_c=10_s=1_1|269|1000|786|16|1|1|184.068
instance1334_m=4_n=25_l=20_c=10_s=1_2|292|1000|320|9|1|1|181.206
instance1334_m=4_n=25_l=20_c=10_s=1_3|260|1000|421|15|1|1|182.695
instance1334_m=4_n=25_l=20_c=10_s=1_4|263|1000|683|15|1|1|182.456
instance1334_m=4_n=25_l=20_c=10_s=1_5|292|1000|107|13|1|1|181.26
instance1334_m=4_n=25_l=20_c=10_s=1_6|279|1000|488|14|1|1|183.707
instance1334_m=4_n=25_l=20_c=10_s=1_7|247|1000|470|17|1|1|182.064
instance1334_m=4_n=25_l=20_c=10_s=1_8|316|1000|888|11|1|1|184.64
instance1334_m=4_n=25_l=20_c=10_s=1_9|288|1000|682|14|1|1|183.337
instance1342_m=4_n=25_l=20_c=10_s=0_0|180|1000|15|5|1|1|182.304
instance1342_m=4_n=25_l=20_c=10_s=0_1|180|1000|218|8|1|1|183.979
instance1342_m=4_n=25_l=20_c=10_s=0_2|184|1000|910|10|1|1|184.589
instance1342_m=4_n=25_l=20_c=10_s=0_3|170|1000|955|12|1|1|184.744
instance1342_m=4_n=25_l=20_c=10_s=0_4|172|1000|499|12|1|1|184.281
instance1342_m=4_n=25_l=20_c=10_s=0_5|179|1000|947|13|1|1|184.233
instance1342_m=4_n=25_l=20_c=10_s=0_6|183|1000|602|16|1|1|184.558
instance1342_m=4_n=25_l=20_c=10_s=0_7|183|1000|498|11|1|1|183.926
instance1342_m=4_n=25_l=20_c=10_s=0_8|178|1000|202|8|1|1|183.941
instance1342_m=4_n=25_l=20_c=10_s=0_9|180|1000|940|11|1|1|183.701
instance1358_m=4_n=25_l=20_c=10_s=1_0|304|1000|879|18|1|1|190.754
instance1358_m=4_n=25_l=20_c=10_s=1_1|274|1000|407|10|1|1|190.825
instance1358_m=4_n=25_l=20_c=10_s=1_2|364|1000|837|10|1|1|191.197
instance1358_m=4_n=25_l=20_c=10_s=1_3|350|1000|804|17|1|1|192.665
instance1358_m=4_n=25_l=20_c=10_s=1_4|309|1000|812|13|1|1|189.889
instance1358_m=4_n=25_l=20_c=10_s=1_5|325|1000|315|16|1|1|190.285
instance1358_m=4_n=25_l=20_c=10_s=1_6|328|1000|932|18|1|1|192.455
instance1358_m=4_n=25_l=20_c=10_s=1_7|268|1000|677|18|1|1|188.343
instance1358_m=4_n=25_l=20_c=10_s=1_8|348|1000|621|15|1|1|191.594
instance1358_m=4_n=25_l=20_c=10_s=1_9|298|1000|924|18|1|1|190.516
instance1376_m=4_n=25_l=20_c=10_s=1_0|346|1000|755|13|1|1|192.697
instance1376_m=4_n=25_l=20_c=10_s=1_1|253|1000|437|15|1|1|190.006
instance1376_m=4_n=25_l=20_c=10_s=1_2|305|1000|766|13|1|1|192.665
instance1376_m=4_n=25_l=20_c=10_s=1_3|274|1000|975|16|1|1|191.752
instance1376_m=4_n=25_l=20_c=10_s=1_4|305|1000|835|16|1|1|192.506
instance1376_m=4_n=25_l=20_c=10_s=1_5|331|1000|588|10|1|1|191.786
instance1376_m=4_n=25_l=20_c=10_s=1_6|344|1000|312|12|1|1|193.691
instance1376_m=4_n=25_l=20_c=10_s=1_7|291|1000|818|18|1|1|192.135
instance1376_m=4_n=25_l=20_c=10_s=1_8|328|1000|661|12|1|1|191.356
instance1376_m=4_n=25_l=20_c=10_s=1_9|293|1000|750|10|1|1|192.416
instance1384_m=4_n=25_l=20_c=15_s=0_0|215|1000|929|15|1|1|214.29
instance1384_m=4_n=25_l=20_c=15_s=0_1|220|1000|924|12|1|1|217.454
instance1384_m=4_n=25_l=20_c=15_s=0_2|234|1000|652|11|1|1|216.743
instance1384_m=4_n=25_l=20_c=15_s=0_3|196|1000|249|10|1|1|211.503
instance1384_m=4_n=25_l=20_c=15_s=0_4|223|1000|914|17|1|1|214.489
instance1384_m=4_n=25_l=20_c=15_s=0_5|219|1000|462|19|1|1|215.978
instance1384_m=4_n=25_l=20_c=15_s=0_6|215|1000|526|14|1|1|214.069
instance1384_m=4_n=25_l=20_c=15_s=0_7|240|1000|683|14|1|1|218.42
instance1384_m=4_n=25_l=20_c=15_s=0_8|234|1000|744|12|1|1|218.392
instance1384_m=4_n=25_l=20_c=15_s=0_9|232|1000|488|8|1|1|218.594
instance1400_m=4_n=25_l=20_c=15_s=1_0|255|1000|294|10|1|1|216.207
instance1400_m=4_n=25_l=20_c=15_s=1_1|241|1000|889|19|1|1|217.128
instance1400_m=4_n=25_l=20_c=15_s=1_2|266|1000|461|13|1|1|216.542
instance1400_m=4_n=25_l=20_c=15_s=1_3|258|1000|859|13|1|1|214.907
instance1400_m=4_n=25_l=20_c=15_s=1_4|249|1000|958|12|1|1|218.705
instance1400_m=4_n=25_l=20_c=15_s=1_5|243|1000|534|13|1|1|214.39
instance1400_m=4_n=25_l=20_c=15_s=1_6|224|1000|642|14|1|1|215.345
instance1400_m=4_n=25_l=20_c=15_s=1_7|242|1000|701|20|1|1|215.384
instance1400_m=4_n=25_l=20_c=15_s=1_8|227|1000|370|16|1|1|214.09
instance1400_m=4_n=25_l=20_c=15_s=1_9|225|1000|790|14|1|1|211.799
instance1411_m=4_n=25_l=20_c=15_s=0_0|176|1000|562|10|1|1|191.975
instance1411_m=4_n=25_l=20_c=15_s=0_1|173|1000|925|13|1|1|193.741
instance1411_m=4_n=25_l=20_c=15_s=0_2|179|1000|456|8|1|1|193.073
instance1411_m=4_n=25_l=20_c=15_s=0_3|173|1000|334|15|1|1|191.538
instance1411_m=4_n=25_l=20_c=15_s=0_4|181|1000|562|10|1|1|193.827
instance1411_m=4_n=25_l=20_c=15_s=0_5|180|1000|942|12|1|1|192.478
instance1411_m=4_n=25_l=20_c=15_s=0_6|174|1000|874|13|1|1|193.66
instance1411_m=4_n=25_l=20_c=15_s=0_7|177|1000|252|9|1|1|192.069
instance1411_m=4_n=25_l=20_c=15_s=0_8|174|1000|921|8|1|1|192.19
instance1411_m=4_n=25_l=20_c=15_s=0_9|180|1000|858|11|1|1|193.561
instance1421_m=4_n=25_l=20_c=15_s=1_0|178|1000|415|13|1|1|192.707
instance1421_m=4_n=25_l=20_c=15_s=1_1|181|1000|394|12|1|1|191.315
instance1421_m=4_n=25_l=20_c=15_s=1_2|184|1000|985|11|1|1|192.228
instance1421_m=4_n=25_l=20_c=15_s=1_3|193|1000|403|12|1|1|191.694
instance1421_m=4_n=25_l=20_c=15_s=1_4|175|1000|475|10|1|1|192.542
instance1421_m=4_n=25_l=20_c=15_s=1_5|176|1000|882|12|1|1|191.664
instance1421_m=4_n=25_l=20_c=15_s=1_6|180|1000|657|21|1|1|191.069
instance1421_m=4_n=25_l=20_c=15_s=1_7|176|1000|202|17|1|1|189.578
instance1421_m=4_n=25_l=20_c=15_s=1_8|186|1000|385|13|1|1|190.883
instance1421_m=4_n=25_l=20_c=15_s=1_9|194|1000|892|11|1|1|192.344
instance1436_m=4_n=25_l=20_c=15_s=1_0|221|1000|730|10|1|1|190.74
instance1436_m=4_n=25_l=20_c=15_s=1_1|204|1000|680|10|1|1|188.683
instance1436_m=4_n=25_l=20_c=15_s=1_2|214|1000|217|14|1|1|187.899
instance1436_m=4_n=25_l=20_c=15_s=1_3|205|1000|795|13|1|1|191.661
instance1436_m=4_n=25_l=20_c=15_s=1_4|212|1000|610|12|1|1|191.503
instance1436_m=4_n=25_l=20_c=15_s=1_5|223|1000|477|13|1|1|191.602
instance1436_m=4_n=25_l=20_c=15_s=1_6|216|1000|589|13|1|1|197.897
instance1436_m=4_n=25_l=20_c=15_s=1_7|206|1000|576|17|1|1|195.277
instance1436_m=4_n=25_l=20_c=15_s=1_8|221|1000|878|10|1|1|195.719
instance1436_m=4_n=25_l=20_c=15_s=1_9|214|1000|996|14|1|1|199.911
instance1440_m=4_n=25_l=20_c=15_s=2_0|128|1000|545|6|1|1|204.805
instance1440_m=4_n=25_l=20_c=15_s=2_1|128|1000|657|9|1|1|201.258
instance1440_m=4_n=25_l=20_c=15_s=2_2|128|1000|855|5|1|1|208.645
instance1440_m=4_n=25_l=20_c=15_s=2_3|128|1000|337|6|1|1|204.036
instance1440_m=4_n=25_l=20_c=15_s=2_4|128|1000|567|8|1|1|206.849
instance1440_m=4_n=25_l=20_c=15_s=2_5|129|1000|138|6|1|1|206.168
instance1440_m=4_n=25_l=20_c=15_s=2_6|129|1000|27|4|1|1|230.04
instance1440_m=4_n=25_l=20_c=15_s=2_7|128|1000|156|4|1|1|223.731
instance1440_m=4_n=25_l=20_c=15_s=2_8|128|1000|302|5|1|1|224.184
instance1440_m=4_n=25_l=20_c=15_s=2_9|128|1000|183|8|1|1|207.234
instance721_m=2_n=25_l=15_c=10_s=0_0|425|1000|65|10|1|1|187.089
instance721_m=2_n=25_l=15_c=10_s=0_1|449|1000|273|7|1|1|202.387
instance721_m=2_n=25_l=15_c=10_s=0_2|453|1000|979|13|1|1|190.336
instance721_m=2_n=25_l=15_c=10_s=0_3|423|1000|530|11|1|1|185.926
instance721_m=2_n=25_l=15_c=10_s=0_4|444|1000|384|8|1|1|187.841
instance721_m=2_n=25_l=15_c=10_s=0_5|447|1000|182|8|1|1|190.483
instance721_m=2_n=25_l=15_c=10_s=0_6|445|1000|303|13|1|1|189.617
instance721_m=2_n=25_l=15_c=10_s=0_7|423|1000|495|17|1|1|187.313
instance721_m=2_n=25_l=15_c=10_s=0_8|422|1000|109|12|1|1|187.275
instance721_m=2_n=25_l=15_c=10_s=0_9|445|1000|249|7|1|1|186.453
instance761_m=2_n=25_l=15_c=10_s=1_0|581|1000|104|12|1|1|176.857
instance761_m=2_n=25_l=15_c=10_s=1_1|581|1000|429|13|1|1|179.393
instance761_m=2_n=25_l=15_c=10_s=1_2|585|1000|19|8|1|1|177.401
instance761_m=2_n=25_l=15_c=10_s=1_3|581|1000|477|10|1|1|179.641
instance761_m=2_n=25_l=15_c=10_s=1_4|582|1000|831|9|1|1|177.926
instance761_m=2_n=25_l=15_c=10_s=1_5|581|1000|45|7|1|1|175.169
instance761_m=2_n=25_l=15_c=10_s=1_6|581|1000|223|14|1|1|177.628
instance761_m=2_n=25_l=15_c=10_s=1_7|581|1000|23|12|1|1|179.001
instance761_m=2_n=25_l=15_c=10_s=1_8|583|1000|446|14|1|1|182.292
instance761_m=2_n=25_l=15_c=10_s=1_9|581|1000|181|15|1|1|183.157
instance794_m=2_n=25_l=15_c=10_s=1_0|537|1000|146|13|1|1|191.055
instance794_m=2_n=25_l=15_c=10_s=1_1|537|1000|370|11|1|1|190.006
instance794_m=2_n=25_l=15_c=10_s=1_2|538|1000|67|10|1|1|186.742
instance794_m=2_n=25_l=15_c=10_s=1_3|544|1000|584|13|1|1|190.519
instance794_m=2_n=25_l=15_c=10_s=1_4|537|1000|913|11|1|1|187.945
instance794_m=2_n=25_l=15_c=10_s=1_5|537|1000|32|12|1|1|186.654
instance794_m=2_n=25_l=15_c=10_s=1_6|538|1000|15|11|1|1|185.483
instance794_m=2_n=25_l=15_c=10_s=1_7|538|1000|219|15|1|1|188.332
instance794_m=2_n=25_l=15_c=10_s=1_8|537|1000|97|10|1|1|189.331
instance794_m=2_n=25_l=15_c=10_s=1_9|537|1000|474|11|1|1|189.987
instance836_m=2_n=25_l=15_c=10_s=1_0|479|1000|647|13|1|1|182.184
instance836_m=2_n=25_l=15_c=10_s=1_1|511|1000|226|8|1|1|185.229
instance836_m=2_n=25_l=15_c=10_s=1_2|478|1000|983|14|1|1|184.966
instance836_m=2_n=25_l=15_c=10_s=1_3|511|1000|127|13|1|1|184.579
instance836_m=2_n=25_l=15_c=10_s=1_4|479|1000|330|15|1|1|185.605
instance836_m=2_n=25_l=15_c=10_s=1_5|478|1000|624|18|1|1|188.78
instance836_m=2_n=25_l=15_c=10_s=1_6|511|1000|432|16|1|1|184.84
instance836_m=2_n=25_l=15_c=10_s=1_7|478|1000|118|12|1|1|185.935
instance836_m=2_n=25_l=15_c=10_s=1_8|478|1000|158|15|1|1|183.389
instance836_m=2_n=25_l=15_c=10_s=1_9|511|1000|5|4|1|1|181.615
instance878_m=2_n=25_l=20_c=10_s=1_0|833|1000|176|14|1|1|209.092
instance878_m=2_n=25_l=20_c=10_s=1_1|833|1000|520|17|1|1|210.149
instance878_m=2_n=25_l=20_c=10_s=1_2|846|1000|289|11|1|1|209.148
instance878_m=2_n=25_l=20_c=10_s=1_3|837|1000|749|10|1|1|214.866
instance878_m=2_n=25_l=20_c=10_s=1_4|919|1000|559|11|1|1|213.358
instance878_m=2_n=25_l=20_c=10_s=1_5|886|1000|180|13|1|1|210.096
instance878_m=2_n=25_l=20_c=10_s=1_6|846|1000|982|9|1|1|209.038
instance878_m=2_n=25_l=20_c=10_s=1_7|879|1000|48|10|1|1|208.081
instance878_m=2_n=25_l=20_c=10_s=1_8|835|1000|30|11|1|1|209.684
instance878_m=2_n=25_l=20_c=10_s=1_9|883|1000|969|11|1|1|207.526
instance917_m=2_n=25_l=20_c=15_s=1_0|692|1000|591|9|1|1|249.183
instance917_m=2_n=25_l=20_c=15_s=1_1|675|1000|802|13|1|1|247.574
instance917_m=2_n=25_l=20_c=15_s=1_2|585|1000|417|20|1|1|247.226
instance917_m=2_n=25_l=20_c=15_s=1_3|648|1000|17|6|1|1|236.981
instance917_m=2_n=25_l=20_c=15_s=1_4|636|1000|896|15|1|1|248.471
instance917_m=2_n=25_l=20_c=15_s=1_5|658|1000|104|12|1|1|246.438
instance917_m=2_n=25_l=20_c=15_s=1_6|652|1000|305|9|1|1|250.841
instance917_m=2_n=25_l=20_c=15_s=1_7|627|1000|154|11|1|1|240.915
instance917_m=2_n=25_l=20_c=15_s=1_8|627|1000|849|12|1|1|242.824
instance917_m=2_n=25_l=20_c=15_s=1_9|654|1000|376|13|1|1|251.556
instance950_m=2_n=25_l=20_c=15_s=1_0|638|1000|870|13|1|1|213.93
instance950_m=2_n=25_l=20_c=15_s=1_1|608|1000|27|9|1|1|208.737
instance950_m=2_n=25_l=20_c=15_s=1_2|605|1000|290|13|1|1|213.496
instance950_m=2_n=25_l=20_c=15_s=1_3|607|1000|54|12|1|1|208.027
instance950_m=2_n=25_l=20_c=15_s=1_4|605|1000|924|14|1|1|210.921
instance950_m=2_n=25_l=20_c=15_s=1_5|609|1000|329|10|1|1|214.833
instance950_m=2_n=25_l=20_c=15_s=1_6|606|1000|159|13|1|1|212.772
instance950_m=2_n=25_l=20_c=15_s=1_7|605|1000|708|17|1|1|211.617
instance950_m=2_n=25_l=20_c=15_s=1_8|607|1000|27|9|1|1|206
instance950_m=2_n=25_l=20_c=15_s=1_9|605|1000|369|14|1|1|209.953
instance983_m=3_n=25_l=15_c=10_s=1_0|367|1000|837|12|1|1|182.44
instance983_m=3_n=25_l=15_c=10_s=1_1|390|1000|174|16|1|1|181.867
instance983_m=3_n=25_l=15_c=10_s=1_2|412|1000|361|10|1|1|184.079
instance983_m=3_n=25_l=15_c=10_s=1_3|367|1000|146|18|1|1|179.922
instance983_m=3_n=25_l=15_c=10_s=1_4|376|1000|223|16|1|1|182.275
instance983_m=3_n=25_l=15_c=10_s=1_5|390|1000|179|9|1|1|181.351
instance983_m=3_n=25_l=15_c=10_s=1_6|405|1000|979|17|1|1|183.648
instance983_m=3_n=25_l=15_c=10_s=1_7|395|1000|799|10|1|1|182.866
instance983_m=3_n=25_l=15_c=10_s=1_8|367|1000|114|13|1|1|181.148
instance983_m=3_n=25_l=15_c=10_s=1_9|396|1000|736|13|1|1|183.963
instance108_m=2_n=8_l=15_c=10_s=2_0|135|1000|1|2|1|1|24.4937
instance108_m=2_n=8_l=15_c=10_s=2_1|135|1000|0|1|1|1|25.1177
instance108_m=2_n=8_l=15_c=10_s=2_2|135|1000|949|3|1|1|24.4384
instance108_m=2_n=8_l=15_c=10_s=2_3|135|1000|2|2|1|1|24.5854
instance108_m=2_n=8_l=15_c=10_s=2_4|135|1000|4|2|1|1|24.8611
instance108_m=2_n=8_l=15_c=10_s=2_5|135|1000|94|2|1|1|25.2029
instance108_m=2_n=8_l=15_c=10_s=2_6|135|1000|6|3|1|1|25.2049
instance108_m=2_n=8_l=15_c=10_s=2_7|135|1000|338|2|1|1|25.6181
instance108_m=2_n=8_l=15_c=10_s=2_8|135|1000|24|2|1|1|25.369
instance108_m=2_n=8_l=15_c=10_s=2_9|135|1000|71|3|1|1|25.6406
instance111_m=2_n=8_l=15_c=10_s=2_0|82|1000|8|3|1|1|24.9941
instance111_m=2_n=8_l=15_c=10_s=2_1|82|1000|2|2|1|1|25.4187
instance111_m=2_n=8_l=15_c=10_s=2_2|82|1000|1|2|1|1|24.8007
instance111_m=2_n=8_l=15_c=10_s=2_3|82|1000|0|1|1|1|25.3138
instance111_m=2_n=8_l=15_c=10_s=2_4|82|1000|4|2|1|1|25.4696
instance111_m=2_n=8_l=15_c=10_s=2_5|82|1000|25|2|1|1|25.7627
instance111_m=2_n=8_l=15_c=10_s=2_6|82|1000|2|2|1|1|25.3716
instance111_m=2_n=8_l=15_c=10_s=2_7|82|1000|1|2|1|1|26.6646
instance111_m=2_n=8_l=15_c=10_s=2_8|82|1000|0|1|1|1|27.3329
instance111_m=2_n=8_l=15_c=10_s=2_9|82|1000|1|2|1|1|26.419
instance116_m=2_n=8_l=15_c=10_s=1_0|295|1000|10|3|1|1|24.7016
instance116_m=2_n=8_l=15_c=10_s=1_1|295|1000|19|3|1|1|24.2897
instance116_m=2_n=8_l=15_c=10_s=1_2|295|1000|27|3|1|1|24.6275
instance116_m=2_n=8_l=15_c=10_s=1_3|295|1000|1|2|1|1|23.57
instance116_m=2_n=8_l=15_c=10_s=1_4|295|1000|8|3|1|1|23.7256
instance116_m=2_n=8_l=15_c=10_s=1_5|295|1000|2|3|1|1|23.9201
instance116_m=2_n=8_l=15_c=10_s=1_6|295|1000|3|2|1|1|24.1671
instance116_m=2_n=8_l=15_c=10_s=1_7|295|1000|12|2|1|1|24.4829
instance116_m=2_n=8_l=15_c=10_s=1_8|295|1000|1|2|1|1|23.798
instance116_m=2_n=8_l=15_c=10_s=1_9|295|1000|36|2|1|1|24.3375
instance135_m=2_n=8_l=20_c=10_s=2_0|147|1000|0|1|1|1|32.8965
instance135_m=2_n=8_l=20_c=10_s=2_1|145|1000|25|5|1|1|34.1761
instance135_m=2_n=8_l=20_c=10_s=2_2|145|1000|3|3|1|1|33.3153
instance135_m=2_n=8_l=20_c=10_s=2_3|145|1000|44|5|1|1|33.9125
instance135_m=2_n=8_l=20_c=10_s=2_4|145|1000|52|4|1|1|33.1931
instance135_m=2_n=8_l=20_c=10_s=2_5|145|1000|1|2|1|1|34.6212
instance135_m=2_n=8_l=20_c=10_s=2_6|145|1000|21|3|1|1|33.1887
instance135_m=2_n=8_l=20_c=10_s=2_7|145|1000|6|4|1|1|30.3959
instance135_m=2_n=8_l=20_c=10_s=2_8|145|1000|537|3|1|1|32.3723
instance135_m=2_n=8_l=20_c=10_s=2_9|145|1000|33|3|1|1|32.7756
instance138_m=2_n=8_l=20_c=10_s=2_0|87|1000|102|3|1|1|34.1145
instance138_m=2_n=8_l=20_c=10_s=2_1|87|1000|0|1|1|1|33.3656
instance138_m=2_n=8_l=20_c=10_s=2_2|87|1000|0|1|1|1|33.6682
instance138_m=2_n=8_l=20_c=10_s=2_3|87|1000|72|2|1|1|33.6299
instance138_m=2_n=8_l=20_c=10_s=2_4|87|1000|5|2|1|1|34.5973
instance138_m=2_n=8_l=20_c=10_s=2_5|87|1000|1|2|1|1|32.8357
instance138_m=2_n=8_l=20_c=10_s=2_6|87|1000|15|3|1|1|33.6654
instance138_m=2_n=8_l=20_c=10_s=2_7|87|1000|3|4|1|1|33.5696
instance138_m=2_n=8_l=20_c=10_s=2_8|88|1000|3|2|1|1|33.1621
instance138_m=2_n=8_l=20_c=10_s=2_9|87|1000|54|2|1|1|33.6346
instance165_m=2_n=8_l=20_c=15_s=2_0|98|1000|23|2|1|1|32.2719
instance165_m=2_n=8_l=20_c=15_s=2_1|98|1000|15|2|1|1|32.2245
instance165_m=2_n=8_l=20_c=15_s=2_2|98|1000|2|2|1|1|31.6137
instance165_m=2_n=8_l=20_c=15_s=2_3|98|1000|1|2|1|1|31.4535
instance165_m=2_n=8_l=20_c=15_s=2_4|98|1000|5|2|1|1|31.1303
instance165_m=2_n=8_l=20_c=15_s=2_5|98|1000|5|2|1|1|32.6225
instance165_m=2_n=8_l=20_c=15_s=2_6|98|1000|39|2|1|1|33.5753
instance165_m=2_n=8_l=20_c=15_s=2_7|98|1000|2|2|1|1|30.2969
instance165_m=2_n=8_l=20_c=15_s=2_8|98|1000|6|4|1|1|31.7252
instance165_m=2_n=8_l=20_c=15_s=2_9|98|1000|63|3|1|1|32.126
instance168_m=2_n=8_l=20_c=15_s=2_0|165|1000|1|2|1|1|30.0583
instance168_m=2_n=8_l=20_c=15_s=2_1|165|1000|3|3|1|1|30.1721
instance168_m=2_n=8_l=20_c=15_s=2_2|165|1000|2|2|1|1|32.4796
instance168_m=2_n=8_l=20_c=15_s=2_3|165|1000|1|2|1|1|30.3851
instance168_m=2_n=8_l=20_c=15_s=2_4|165|1000|2|2|1|1|30.1645
instance168_m=2_n=8_l=20_c=15_s=2_5|165|1000|0|1|1|1|30.2333
instance168_m=2_n=8_l=20_c=15_s=2_6|165|1000|2|3|1|1|29.761
instance168_m=2_n=8_l=20_c=15_s=2_7|165|1000|1|2|1|1|29.0595
instance168_m=2_n=8_l=20_c=15_s=2_8|165|1000|1|2|1|1|29.7802
instance168_m=2_n=8_l=20_c=15_s=2_9|165|1000|0|1|1|1|28.8808
instance173_m=2_n=8_l=20_c=15_s=1_0|261|1000|2|2|1|1|30.139
instance173_m=2_n=8_l=20_c=15_s=1_1|261|1000|1|2|1|1|29.7681
instance173_m=2_n=8_l=20_c=15_s=1_2|261|1000|4|2|1|1|28.8109
instance173_m=2_n=8_l=20_c=15_s=1_3|261|1000|1|2|1|1|31.4825
instance173_m=2_n=8_l=20_c=15_s=1_4|261|1000|2|3|1|1|29.7103
instance173_m=2_n=8_l=20_c=15_s=1_5|261|1000|5|4|1|1|29.0274
instance173_m=2_n=8_l=20_c=15_s=1_6|261|1000|2|3|1|1|28.5025
instance173_m=2_n=8_l=20_c=15_s=1_7|261|1000|2|2|1|1|31.0203
instance173_m=2_n=8_l=20_c=15_s=1_8|261|1000|1|2|1|1|30.3221
instance173_m=2_n=8_l=20_c=15_s=1_9|261|1000|0|1|1|1|29.3612
instance199_m=2_n=8_l=20_c=15_s=0_0|193|1000|0|1|1|1|21.0718
instance199_m=2_n=8_l=20_c=15_s=0_1|193|1000|0|1|1|1|20.6374
instance199_m=2_n=8_l=20_c=15_s=0_2|193|1000|0|1|1|1|20.6069
instance199_m=2_n=8_l=20_c=15_s=0_3|193|1000|0|1|1|1|21.0436
instance199_m=2_n=8_l=20_c=15_s=0_4|193|1000|0|1|1|1|21.1258
instance199_m=2_n=8_l=20_c=15_s=0_5|193|1000|1|2|1|1|20.99
instance199_m=2_n=8_l=20_c=15_s=0_6|193|1000|0|1|1|1|20.6582
instance199_m=2_n=8_l=20_c=15_s=0_7|193|1000|0|1|1|1|20.8172
instance199_m=2_n=8_l=20_c=15_s=0_8|193|1000|0|1|1|1|21.1689
instance199_m=2_n=8_l=20_c=15_s=0_9|193|1000|1|2|1|1|20.9476
instance1_m=2_n=8_l=15_c=5_s=0_0|213|1000|8|4|1|1|19.7951
instance1_m=2_n=8_l=15_c=5_s=0_1|213|1000|90|5|1|1|19.907
instance1_m=2_n=8_l=15_c=5_s=0_2|213|1000|12|5|1|1|19.7821
instance1_m=2_n=8_l=15_c=5_s=0_3|213|1000|40|4|1|1|19.731
instance1_m=2_n=8_l=15_c=5_s=0_4|213|1000|15|4|1|1|19.6422
instance1_m=2_n=8_l=15_c=5_s=0_5|213|1000|9|3|1|1|19.6966
instance1_m=2_n=8_l=15_c=5_s=0_6|213|1000|19|5|1|1|19.7866
instance1_m=2_n=8_l=15_c=5_s=0_7|213|1000|22|6|1|1|19.8243
instance1_m=2_n=8_l=15_c=5_s=0_8|213|1000|13|5|1|1|19.7547
instance1_m=2_n=8_l=15_c=5_s=0_9|213|1000|6|3|1|1|19.8392
instance204_m=2_n=8_l=20_c=15_s=2_0|149|1000|12|3|1|1|21.1681
instance204_m=2_n=8_l=20_c=15_s=2_1|149|1000|6|4|1|1|21.0845
instance204_m=2_n=8_l=20_c=15_s=2_2|149|1000|1|2|1|1|20.8266
instance204_m=2_n=8_l=20_c=15_s=2_3|149|1000|1|2|1|1|21.2516
instance204_m=2_n=8_l=20_c=15_s=2_4|149|1000|2|3|1|1|21.4409
instance204_m=2_n=8_l=20_c=15_s=2_5|149|1000|0|1|1|1|20.7881
instance204_m=2_n=8_l=20_c=15_s=2_6|149|1000|0|1|1|1|20.8465
instance204_m=2_n=8_l=20_c=15_s=2_7|149|1000|10|4|1|1|21.1522
instance204_m=2_n=8_l=20_c=15_s=2_8|149|1000|0|1|1|1|20.7501
instance204_m=2_n=8_l=20_c=15_s=2_9|149|1000|6|5|1|1|20.9299
instance232_m=2_n=8_l=20_c=15_s=0_0|350|1000|7|3|1|1|33.2022
instance232_m=2_n=8_l=20_c=15_s=0_1|350|1000|123|2|1|1|37.6146
instance232_m=2_n=8_l=20_c=15_s=0_2|350|1000|0|1|1|1|31.9555
instance232_m=2_n=8_l=20_c=15_s=0_3|350|1000|4|3|1|1|36.2751
instance232_m=2_n=8_l=20_c=15_s=0_4|350|1000|6|4|1|1|34.8583
instance232_m=2_n=8_l=20_c=15_s=0_5|350|1000|7|3|1|1|37.5066
instance232_m=2_n=8_l=20_c=15_s=0_6|350|1000|92|3|1|1|38.3683
instance232_m=2_n=8_l=20_c=15_s=0_7|350|1000|82|4|1|1|38.1084
instance232_m=2_n=8_l=20_c=15_s=0_8|350|1000|378|3|1|1|37.1685
instance232_m=2_n=8_l=20_c=15_s=0_9|350|1000|12|3|1|1|32.2509
instance240_m=2_n=8_l=20_c=15_s=2_0|102|1000|6|5|1|1|40.7645
instance240_m=2_n=8_l=20_c=15_s=2_1|102|1000|9|4|1|1|37.5697
instance240_m=2_n=8_l=20_c=15_s=2_2|102|1000|32|4|1|1|40.3872
instance240_m=2_n=8_l=20_c=15_s=2_3|102|1000|6|4|1|1|41.0237
instance240_m=2_n=8_l=20_c=15_s=2_4|102|1000|2|2|1|1|37.3535
instance240_m=2_n=8_l=20_c=15_s=2_5|102|1000|1|2|1|1|38.3745
instance240_m=2_n=8_l=20_c=15_s=2_6|102|1000|63|3|1|1|38.9258
instance240_m=2_n=8_l=20_c=15_s=2_7|102|1000|18|4|1|1|41.1245
instance240_m=2_n=8_l=20_c=15_s=2_8|102|1000|1|2|1|1|38.7002
instance240_m=2_n=8_l=20_c=15_s=2_9|102|1000|5|3|1|1|39.7164
