NOME_SOLU|VAL_SOLUCAO_INICIAL|VAL_SOLUCAO_POS_REFI|QTD_ITERACOES|TEMPO_HC|TEMPO_REF|TEMPO_TOTAL 
instance1000_m=3_n=25_l=15_c=10_s=0|340|340|5|0.0088402|0.0036267|0.0128698
instance1001_m=3_n=25_l=15_c=10_s=1|658|658|5|0.0088226|0.0035355|0.0127575
instance1002_m=3_n=25_l=15_c=10_s=2|251|251|2|0.0076118|0.0016591|0.0096146
instance1003_m=3_n=25_l=15_c=10_s=0|466|466|4|0.0077406|0.003178|0.0113283
instance1004_m=3_n=25_l=15_c=10_s=1|723|723|4|0.0085151|0.0030298|0.0119421
instance1005_m=3_n=25_l=15_c=10_s=2|339|330|3|0.0068763|0.002399|0.0096536
instance1006_m=3_n=25_l=15_c=10_s=0|377|377|4|0.0072784|0.0029748|0.0106414
instance1007_m=3_n=25_l=15_c=10_s=1|731|731|5|0.0085188|0.0036902|0.0126182
instance1008_m=3_n=25_l=15_c=10_s=2|280|280|4|0.0080492|0.0029776|0.0114311
instance1009_m=3_n=25_l=15_c=10_s=0|652|652|5|0.0088595|0.0038442|0.0131149
instance1010_m=3_n=25_l=15_c=10_s=1|846|846|4|0.0087235|0.0032746|0.0124212
instance1011_m=3_n=25_l=15_c=10_s=2|320|320|3|0.0074632|0.0023088|0.0101434
instance1012_m=3_n=25_l=15_c=10_s=0|574|572|10|0.0091019|0.0073605|0.0168922
instance1013_m=3_n=25_l=15_c=10_s=1|740|726|9|0.0089841|0.0068686|0.0162873
instance1014_m=3_n=25_l=15_c=10_s=2|274|274|4|0.0077093|0.0025924|0.01067
instance1015_m=3_n=25_l=15_c=10_s=0|277|277|4|0.0075436|0.0028843|0.0107969
instance1016_m=3_n=25_l=15_c=10_s=1|600|600|5|0.0079024|0.0034298|0.011811
instance1017_m=3_n=25_l=15_c=10_s=2|251|251|2|0.0068861|0.0015087|0.0087086
instance1018_m=3_n=25_l=15_c=10_s=0|647|647|3|0.0085023|0.0026196|0.0114999
instance1019_m=3_n=25_l=15_c=10_s=1|720|720|4|0.0072028|0.0028673|0.0104497
instance1020_m=3_n=25_l=15_c=10_s=2|316|316|3|0.0069883|0.0022093|0.0095685
instance1021_m=3_n=25_l=15_c=10_s=0|573|573|5|0.0103111|0.0048344|0.0156859
instance1022_m=3_n=25_l=15_c=10_s=1|850|842|5|0.0104118|0.0047791|0.0157146
instance1023_m=3_n=25_l=15_c=10_s=2|300|300|3|0.0089137|0.0028103|0.0121794
instance1024_m=3_n=25_l=15_c=10_s=0|599|599|4|0.01041|0.0041086|0.0150526
instance1025_m=3_n=25_l=15_c=10_s=1|783|783|4|0.0104183|0.0041422|0.0150979
instance1026_m=3_n=25_l=15_c=10_s=2|271|271|5|0.0095473|0.0047404|0.0148083
instance1027_m=3_n=25_l=15_c=10_s=0|686|686|6|0.0116062|0.0062558|0.0184685
instance1028_m=3_n=25_l=15_c=10_s=1|824|832|6|0.0110585|0.0061521|0.0177976
instance1029_m=3_n=25_l=15_c=10_s=2|260|260|4|0.0092308|0.0037483|0.0134632
instance1030_m=3_n=25_l=15_c=10_s=0|446|423|11|0.0103554|0.0108134|0.0217382
instance1031_m=3_n=25_l=15_c=10_s=1|711|711|6|0.0101824|0.0055038|0.0162199
instance1032_m=3_n=25_l=15_c=10_s=2|277|276|6|0.0098911|0.0052688|0.0156761
instance1033_m=3_n=25_l=15_c=10_s=0|561|561|6|0.0103637|0.0055815|0.0164887
instance1034_m=3_n=25_l=15_c=10_s=1|746|746|3|0.0103208|0.0032205|0.0140583
instance1035_m=3_n=25_l=15_c=10_s=2|237|237|3|0.0085363|0.0028506|0.0118384
instance1036_m=3_n=25_l=15_c=10_s=0|347|347|5|0.0107231|0.0047075|0.0159517
instance1037_m=3_n=25_l=15_c=10_s=1|691|691|5|0.010612|0.0046239|0.015746
instance1038_m=3_n=25_l=15_c=10_s=2|214|214|4|0.009957|0.0035785|0.0140063
instance1039_m=3_n=25_l=15_c=10_s=0|654|654|5|0.0114826|0.0051661|0.0172176
instance1040_m=3_n=25_l=15_c=10_s=1|759|871|5|0.0112657|0.0050764|0.0169086
instance1041_m=3_n=25_l=15_c=10_s=2|292|292|4|0.0094866|0.0037604|0.0137486
instance1042_m=3_n=25_l=15_c=10_s=0|629|629|5|0.0104372|0.0048346|0.0158126
instance1043_m=3_n=25_l=15_c=10_s=1|741|741|5|0.010458|0.0048733|0.0158735
instance1044_m=3_n=25_l=15_c=10_s=2|237|238|5|0.0101538|0.0046188|0.0152952
instance1045_m=3_n=25_l=15_c=10_s=0|437|436|4|0.0114249|0.004062|0.016018
instance1046_m=3_n=25_l=15_c=10_s=1|816|816|7|0.0116336|0.0068473|0.0190765
instance1047_m=3_n=25_l=15_c=10_s=2|253|253|5|0.0096661|0.0046423|0.0148309
instance1048_m=3_n=25_l=15_c=10_s=0|681|681|5|0.0107256|0.0048705|0.0161326
instance1049_m=3_n=25_l=15_c=10_s=1|836|800|9|0.0105351|0.0094481|0.0205676
instance1050_m=3_n=25_l=15_c=10_s=2|302|302|3|0.0092691|0.0028675|0.0125973
instance1051_m=3_n=25_l=15_c=10_s=0|212|212|3|0.0076816|0.0025141|0.0105978
instance1052_m=3_n=25_l=15_c=10_s=1|634|634|3|0.0091294|0.0027235|0.0122806
instance1053_m=3_n=25_l=15_c=10_s=2|199|199|2|0.0079136|0.0017243|0.0100029
instance1054_m=3_n=25_l=15_c=10_s=0|645|645|5|0.0096862|0.0038885|0.0140026
instance1055_m=3_n=25_l=15_c=10_s=1|732|729|8|0.0096571|0.006822|0.0169396
instance1056_m=3_n=25_l=15_c=10_s=2|319|313|7|0.0083512|0.0058031|0.0145899
instance1057_m=3_n=25_l=15_c=10_s=0|485|443|8|0.0080337|0.0062772|0.0147402
instance1058_m=3_n=25_l=15_c=10_s=1|693|626|8|0.0077872|0.0072214|0.015445
instance1059_m=3_n=25_l=15_c=10_s=2|231|231|3|0.007579|0.0022321|0.0101602
instance1060_m=3_n=25_l=15_c=10_s=0|306|297|5|0.0082509|0.0043966|0.0130523
instance1061_m=3_n=25_l=15_c=10_s=1|694|679|9|0.0091093|0.0075284|0.0171047
instance1062_m=3_n=25_l=15_c=10_s=2|264|267|3|0.007796|0.0024742|0.0106691
instance1063_m=3_n=25_l=15_c=10_s=0|280|280|3|0.0076981|0.0025385|0.0106395
instance1064_m=3_n=25_l=15_c=10_s=1|657|657|4|0.0085204|0.003443|0.0123975
instance1065_m=3_n=25_l=15_c=10_s=2|235|235|2|0.007227|0.0017134|0.0092948
instance1066_m=3_n=25_l=15_c=10_s=0|595|595|3|0.0082992|0.0025814|0.01129
instance1067_m=3_n=25_l=15_c=10_s=1|697|697|3|0.0083797|0.0025543|0.0113407
instance1068_m=3_n=25_l=15_c=10_s=2|258|258|3|0.0071778|0.0023004|0.0098536
instance1069_m=3_n=25_l=15_c=10_s=0|542|541|8|0.009245|0.0071983|0.0169253
instance1070_m=3_n=25_l=15_c=10_s=1|738|693|9|0.0093002|0.0076471|0.0174318
instance1071_m=3_n=25_l=15_c=10_s=2|252|252|3|0.0081151|0.0025178|0.0110352
instance1072_m=3_n=25_l=15_c=10_s=0|391|409|4|0.0081584|0.0032754|0.0118545
instance1073_m=3_n=25_l=15_c=10_s=1|716|716|5|0.0077356|0.0038357|0.0119954
instance1074_m=3_n=25_l=15_c=10_s=2|288|287|9|0.0076661|0.007065|0.0151699
instance1075_m=3_n=25_l=15_c=10_s=0|563|561|8|0.0085724|0.006474|0.0154898
instance1076_m=3_n=25_l=15_c=10_s=1|735|725|10|0.008589|0.0078826|0.0169362
instance1077_m=3_n=25_l=15_c=10_s=2|319|319|4|0.0080501|0.0031892|0.0116573
instance1078_m=3_n=25_l=15_c=10_s=0|452|423|7|0.0078046|0.0056708|0.0138939
instance1079_m=3_n=25_l=15_c=10_s=1|697|629|13|0.0087788|0.0107423|0.0199943
instance1080_m=3_n=25_l=15_c=10_s=2|277|277|4|0.0077583|0.0029389|0.0110907
instance1081_m=3_n=25_l=20_c=10_s=0|952|952|6|0.0102408|0.0057681|0.0165575
instance1082_m=3_n=25_l=20_c=10_s=1|1051|1051|6|0.010249|0.0057561|0.0165502
instance1083_m=3_n=25_l=20_c=10_s=2|299|299|4|0.0091372|0.0038327|0.0134736
instance1084_m=3_n=25_l=20_c=10_s=0|643|643|6|0.0117848|0.0055923|0.0179071
instance1085_m=3_n=25_l=20_c=10_s=1|1017|984|6|0.011|0.0068059|0.0183356
instance1086_m=3_n=25_l=20_c=10_s=2|296|296|6|0.0105737|0.0055278|0.0166388
instance1087_m=3_n=25_l=20_c=10_s=0|490|490|5|0.0113429|0.0056315|0.0176037
instance1088_m=3_n=25_l=20_c=10_s=1|936|880|10|0.0118695|0.0116126|0.0241671
instance1089_m=3_n=25_l=20_c=10_s=2|259|259|5|0.0097437|0.0047124|0.0149614
instance1090_m=3_n=25_l=20_c=10_s=0|374|374|9|0.0093614|0.0091002|0.0190224
instance1091_m=3_n=25_l=20_c=10_s=1|969|903|9|0.0093333|0.0087735|0.0186543
instance1092_m=3_n=25_l=20_c=10_s=2|243|243|5|0.0086133|0.0046943|0.0137832
instance1093_m=3_n=25_l=20_c=10_s=0|730|730|5|0.0103488|0.0047805|0.0156574
instance1094_m=3_n=25_l=20_c=10_s=1|994|994|5|0.0102742|0.0047617|0.0155663
instance1095_m=3_n=25_l=20_c=10_s=2|277|277|6|0.0097584|0.005369|0.0156448
instance1096_m=3_n=25_l=20_c=10_s=0|641|641|5|0.0107208|0.0050213|0.0162951
instance1097_m=3_n=25_l=20_c=10_s=1|971|971|5|0.0109255|0.0050504|0.016525
instance1098_m=3_n=25_l=20_c=10_s=2|265|265|4|0.0086292|0.0035315|0.012619
instance1099_m=3_n=25_l=20_c=10_s=0|771|771|6|0.0109099|0.0058313|0.0173002
instance1100_m=3_n=25_l=20_c=10_s=1|1053|1053|5|0.0110048|0.0051133|0.0166817
instance1101_m=3_n=25_l=20_c=10_s=2|273|273|6|0.0094525|0.0057398|0.0157498
instance1102_m=3_n=25_l=20_c=10_s=0|462|471|3|0.0109585|0.0034234|0.0149264
instance1103_m=3_n=25_l=20_c=10_s=1|1005|1018|5|0.0109354|0.0050849|0.0165893
instance1104_m=3_n=25_l=20_c=10_s=2|294|294|4|0.0096585|0.003997|0.0141688
instance1105_m=3_n=25_l=20_c=10_s=0|445|445|6|0.010187|0.0056051|0.0163075
instance1106_m=3_n=25_l=20_c=10_s=1|1007|1007|6|0.0110141|0.0056149|0.0171666
instance1107_m=3_n=25_l=20_c=10_s=2|282|282|4|0.0092859|0.0039177|0.0137174
instance1108_m=3_n=25_l=20_c=10_s=0|276|276|6|0.0093007|0.0052761|0.0150927
instance1109_m=3_n=25_l=20_c=10_s=1|999|994|11|0.0102768|0.0110198|0.0219064
instance1110_m=3_n=25_l=20_c=10_s=2|264|264|4|0.0108686|0.0043697|0.0158141
instance1111_m=3_n=25_l=20_c=10_s=0|796|796|5|0.0114213|0.0052173|0.0172178
instance1112_m=3_n=25_l=20_c=10_s=1|1047|1047|5|0.0113461|0.0053153|0.0172545
instance1113_m=3_n=25_l=20_c=10_s=2|223|223|4|0.0097225|0.0038884|0.0141228
instance1114_m=3_n=25_l=20_c=10_s=0|517|517|5|0.0108032|0.0052718|0.0166491
instance1115_m=3_n=25_l=20_c=10_s=1|1027|1094|6|0.0119302|0.0062718|0.0187876
instance1116_m=3_n=25_l=20_c=10_s=2|336|333|10|0.0105032|0.0107325|0.0218188
instance1117_m=3_n=25_l=20_c=10_s=0|485|485|7|0.0119864|0.0073161|0.0199232
instance1118_m=3_n=25_l=20_c=10_s=1|1017|1017|5|0.0127588|0.0054579|0.0188161
instance1119_m=3_n=25_l=20_c=10_s=2|234|234|5|0.0109573|0.0051608|0.0166852
instance1120_m=3_n=25_l=20_c=10_s=0|759|717|17|0.014691|0.024481|0.0404232
instance1121_m=3_n=25_l=20_c=10_s=1|1071|1003|17|0.0119105|0.0200469|0.0326771
instance1122_m=3_n=25_l=20_c=10_s=2|265|265|6|0.0101249|0.0058806|0.0165687
instance1123_m=3_n=25_l=20_c=10_s=0|706|706|5|0.0114423|0.005256|0.017257
instance1124_m=3_n=25_l=20_c=10_s=1|1007|1007|5|0.0110962|0.0052211|0.0168754
instance1125_m=3_n=25_l=20_c=10_s=2|272|269|12|0.0100527|0.0129653|0.0236338
instance1126_m=3_n=25_l=20_c=10_s=0|563|563|5|0.0113185|0.0048106|0.0166639
instance1127_m=3_n=25_l=20_c=10_s=1|1007|965|17|0.0117353|0.0184229|0.0308271
instance1128_m=3_n=25_l=20_c=10_s=2|299|299|3|0.0104009|0.0030175|0.0139015
instance1129_m=3_n=25_l=20_c=10_s=0|940|940|6|0.0155261|0.0103516|0.0268992
instance1130_m=3_n=25_l=20_c=10_s=1|1080|1080|6|0.0174005|0.0064567|0.0244691
instance1131_m=3_n=25_l=20_c=10_s=2|255|254|10|0.012386|0.0122306|0.0253365
instance1132_m=3_n=25_l=20_c=10_s=0|847|798|10|0.0108816|0.0151557|0.0266642
instance1133_m=3_n=25_l=20_c=10_s=1|1029|966|10|0.0109668|0.0108936|0.0224922
instance1134_m=3_n=25_l=20_c=10_s=2|225|224|8|0.0097793|0.0086557|0.0190245
instance1135_m=3_n=25_l=20_c=10_s=0|853|853|5|0.0119777|0.00565|0.0182514
instance1136_m=3_n=25_l=20_c=10_s=1|1033|1033|5|0.0121846|0.005681|0.0184913
instance1137_m=3_n=25_l=20_c=10_s=2|261|261|4|0.0111815|0.0044256|0.0161717
instance1138_m=3_n=25_l=20_c=10_s=0|559|559|5|0.0106715|0.0052308|0.016488
instance1139_m=3_n=25_l=20_c=10_s=1|1075|1075|5|0.0106817|0.0051498|0.0164059
instance1140_m=3_n=25_l=20_c=10_s=2|275|275|4|0.0095863|0.0039081|0.0140083
instance1141_m=3_n=25_l=20_c=15_s=0|320|320|7|0.0195519|0.0124963|0.033112
instance1142_m=3_n=25_l=20_c=15_s=1|1106|1106|6|0.0228016|0.0120982|0.036027
instance1143_m=3_n=25_l=20_c=15_s=2|299|299|5|0.0192974|0.0090921|0.0294067
instance1144_m=3_n=25_l=20_c=15_s=0|476|476|5|0.0163702|0.0085105|0.0258016
instance1145_m=3_n=25_l=20_c=15_s=1|920|920|6|0.0166502|0.0105447|0.0282021
instance1146_m=3_n=25_l=20_c=15_s=2|260|256|11|0.0162304|0.0194729|0.0367536
instance1147_m=3_n=25_l=20_c=15_s=0|794|794|5|0.0210005|0.0103344|0.0323976
instance1148_m=3_n=25_l=20_c=15_s=1|870|870|5|0.0213116|0.0098396|0.0322332
instance1149_m=3_n=25_l=20_c=15_s=2|278|278|2|0.0148978|0.0039273|0.0196353
instance1150_m=3_n=25_l=20_c=15_s=0|441|454|2|0.0206968|0.0048068|0.0264569
instance1151_m=3_n=25_l=20_c=15_s=1|1114|1114|6|0.0211796|0.0117334|0.0340062
instance1152_m=3_n=25_l=20_c=15_s=2|324|324|5|0.0210817|0.0094207|0.0315419
instance1153_m=3_n=25_l=20_c=15_s=0|772|772|6|0.0215093|0.0107772|0.033324
instance1154_m=3_n=25_l=20_c=15_s=1|996|996|5|0.0213851|0.0091969|0.0316215
instance1155_m=3_n=25_l=20_c=15_s=2|282|282|5|0.0195294|0.0092584|0.0297842
instance1156_m=3_n=25_l=20_c=15_s=0|727|686|17|0.0201614|0.0424322|0.0647599
instance1157_m=3_n=25_l=20_c=15_s=1|1013|950|10|0.0211751|0.0210413|0.0433812
instance1158_m=3_n=25_l=20_c=15_s=2|227|226|8|0.0193828|0.0171242|0.0376285
instance1159_m=3_n=25_l=20_c=15_s=0|549|549|5|0.0187237|0.0088936|0.0285941
instance1160_m=3_n=25_l=20_c=15_s=1|949|949|6|0.0201217|0.0116231|0.0327766
instance1161_m=3_n=25_l=20_c=15_s=2|219|219|5|0.0164128|0.0080027|0.0252723
instance1162_m=3_n=25_l=20_c=15_s=0|766|736|10|0.0228987|0.0210921|0.0451786
instance1163_m=3_n=25_l=20_c=15_s=1|934|890|10|0.0231856|0.0211975|0.0455806
instance1164_m=3_n=25_l=20_c=15_s=2|245|245|4|0.017913|0.0076977|0.0266151
instance1165_m=3_n=25_l=20_c=15_s=0|771|771|5|0.0232328|0.0093043|0.033549
instance1166_m=3_n=25_l=20_c=15_s=1|903|903|5|0.0235097|0.0093675|0.0338945
instance1167_m=3_n=25_l=20_c=15_s=2|243|243|5|0.0167236|0.0080955|0.0256835
instance1168_m=3_n=25_l=20_c=15_s=0|424|424|6|0.0187677|0.011775|0.0315914
instance1169_m=3_n=25_l=20_c=15_s=1|990|951|12|0.0206877|0.0245844|0.0464987
instance1170_m=3_n=25_l=20_c=15_s=2|233|231|11|0.0173855|0.0187357|0.0371231
instance1171_m=3_n=25_l=20_c=15_s=0|432|432|3|0.0125974|0.0043676|0.0176672
instance1172_m=3_n=25_l=20_c=15_s=1|743|743|5|0.0134414|0.0068053|0.0209813
instance1173_m=3_n=25_l=20_c=15_s=2|262|262|3|0.0118481|0.0039643|0.016444
instance1174_m=3_n=25_l=20_c=15_s=0|352|352|4|0.0127913|0.0051888|0.018656
instance1175_m=3_n=25_l=20_c=15_s=1|726|701|9|0.0132643|0.0123164|0.0263301
instance1176_m=3_n=25_l=20_c=15_s=2|311|311|3|0.0121092|0.0044525|0.0172672
instance1177_m=3_n=25_l=20_c=15_s=0|479|479|4|0.0126427|0.0054322|0.018772
instance1178_m=3_n=25_l=20_c=15_s=1|789|774|8|0.0125218|0.0110352|0.0243097
instance1179_m=3_n=25_l=20_c=15_s=2|295|295|4|0.0121917|0.0056115|0.0185385
instance1180_m=3_n=25_l=20_c=15_s=0|698|751|5|0.0139396|0.0063675|0.0209799
instance1181_m=3_n=25_l=20_c=15_s=1|797|861|4|0.0139034|0.0053812|0.0199361
instance1182_m=3_n=25_l=20_c=15_s=2|262|262|3|0.0130333|0.0042916|0.017981
instance1183_m=3_n=25_l=20_c=15_s=0|294|294|4|0.0141688|0.0059957|0.0209581
instance1184_m=3_n=25_l=20_c=15_s=1|701|701|3|0.0161824|0.0055216|0.0225845
instance1185_m=3_n=25_l=20_c=15_s=2|197|197|1|0.0133988|0.0025002|0.0165958
instance1186_m=3_n=25_l=20_c=15_s=0|496|496|5|0.0142324|0.0061973|0.0211189
instance1187_m=3_n=25_l=20_c=15_s=1|657|657|5|0.0142134|0.0061965|0.0211023
instance1188_m=3_n=25_l=20_c=15_s=2|225|225|4|0.0119081|0.0048415|0.0173846
instance1189_m=3_n=25_l=20_c=15_s=0|559|559|5|0.0144043|0.0073487|0.0225561
instance1190_m=3_n=25_l=20_c=15_s=1|773|773|4|0.0151084|0.0062624|0.0221646
instance1191_m=3_n=25_l=20_c=15_s=2|234|234|3|0.0107809|0.0036483|0.0150108
instance1192_m=3_n=25_l=20_c=15_s=0|464|464|4|0.0136123|0.0051245|0.0194098
instance1193_m=3_n=25_l=20_c=15_s=1|684|684|4|0.0136216|0.005076|0.0193653
instance1194_m=3_n=25_l=20_c=15_s=2|266|266|3|0.0134561|0.0038372|0.0179134
instance1195_m=3_n=25_l=20_c=15_s=0|701|701|3|0.0148052|0.0046049|0.0201313
instance1196_m=3_n=25_l=20_c=15_s=1|859|859|4|0.0148729|0.0057189|0.021332
instance1197_m=3_n=25_l=20_c=15_s=2|309|309|4|0.0118055|0.0051094|0.0175634
instance1198_m=3_n=25_l=20_c=15_s=0|353|353|4|0.0127444|0.0053271|0.0187557
instance1199_m=3_n=25_l=20_c=15_s=1|888|888|4|0.0141037|0.0062396|0.0210863
instance1200_m=3_n=25_l=20_c=15_s=2|270|270|2|0.0118263|0.00298|0.0154119
instance1201_m=4_n=25_l=15_c=10_s=0|307|307|3|0.0066277|0.002953|0.0100705
instance1202_m=4_n=25_l=15_c=10_s=1|504|504|4|0.0065005|0.0036317|0.0106072
instance1203_m=4_n=25_l=15_c=10_s=2|220|220|2|0.0063194|0.0020833|0.0088308
instance1204_m=4_n=25_l=15_c=10_s=0|245|236|8|0.0067271|0.0075016|0.0147522
instance1205_m=4_n=25_l=15_c=10_s=1|629|629|4|0.0072402|0.0038516|0.0115872
instance1206_m=4_n=25_l=15_c=10_s=2|191|191|1|0.0063291|0.0013933|0.0081322
instance1207_m=4_n=25_l=15_c=10_s=0|232|232|3|0.0068738|0.002914|0.0102633
instance1208_m=4_n=25_l=15_c=10_s=1|592|592|3|0.0070035|0.0029689|0.0104554
instance1209_m=4_n=25_l=15_c=10_s=2|178|178|2|0.0062142|0.0020499|0.008684
instance1210_m=4_n=25_l=15_c=10_s=0|355|355|3|0.0068211|0.0029758|0.0102771
instance1211_m=4_n=25_l=15_c=10_s=1|600|535|6|0.0070946|0.0060836|0.0136946
instance1212_m=4_n=25_l=15_c=10_s=2|219|219|3|0.0064568|0.0027487|0.0096456
instance1213_m=4_n=25_l=15_c=10_s=0|258|258|2|0.0066919|0.0021195|0.0092394
instance1214_m=4_n=25_l=15_c=10_s=1|446|406|5|0.0067615|0.0049684|0.012192
instance1215_m=4_n=25_l=15_c=10_s=2|151|151|2|0.0063486|0.0020055|0.0087716
instance1216_m=4_n=25_l=15_c=10_s=0|434|434|3|0.0073713|0.0030219|0.0108715
instance1217_m=4_n=25_l=15_c=10_s=1|584|584|3|0.0116885|0.0033799|0.015552
instance1218_m=4_n=25_l=15_c=10_s=2|188|188|3|0.0066879|0.0026427|0.0097534
instance1219_m=4_n=25_l=15_c=10_s=0|361|358|6|0.0067273|0.0061204|0.0133605
instance1220_m=4_n=25_l=15_c=10_s=1|587|587|3|0.0071556|0.0029325|0.0105725
instance1221_m=4_n=25_l=15_c=10_s=2|199|199|3|0.0066489|0.0027936|0.0099002
instance1222_m=4_n=25_l=15_c=10_s=0|280|279|6|0.0065334|0.0060868|0.013124
instance1223_m=4_n=25_l=15_c=10_s=1|538|509|5|0.0067375|0.0050653|0.0122851
instance1224_m=4_n=25_l=15_c=10_s=2|188|188|2|0.006157|0.0020104|0.0085869
instance1225_m=4_n=25_l=15_c=10_s=0|430|430|2|0.0066516|0.0021949|0.0092894
instance1226_m=4_n=25_l=15_c=10_s=1|526|526|2|0.0066314|0.0021401|0.0092176
instance1227_m=4_n=25_l=15_c=10_s=2|154|154|3|0.0062066|0.0027123|0.0093564
instance1228_m=4_n=25_l=15_c=10_s=0|429|471|3|0.0067093|0.002885|0.0100549
instance1229_m=4_n=25_l=15_c=10_s=1|585|653|3|0.0065179|0.002898|0.0098821
instance1230_m=4_n=25_l=15_c=10_s=2|193|193|3|0.0061308|0.0025448|0.0090888
instance1231_m=4_n=25_l=15_c=10_s=0|409|409|2|0.0060847|0.0018104|0.0082712
instance1232_m=4_n=25_l=15_c=10_s=1|445|445|2|0.0055036|0.0018223|0.0077044
instance1233_m=4_n=25_l=15_c=10_s=2|182|182|2|0.0055574|0.0016241|0.0075224
instance1234_m=4_n=25_l=15_c=10_s=0|329|329|2|0.0059899|0.0016774|0.0080217
instance1235_m=4_n=25_l=15_c=10_s=1|437|437|2|0.0060843|0.0017574|0.008254
instance1236_m=4_n=25_l=15_c=10_s=2|191|191|3|0.0058656|0.002186|0.008409
instance1237_m=4_n=25_l=15_c=10_s=0|299|299|2|0.005871|0.0018938|0.008142
instance1238_m=4_n=25_l=15_c=10_s=1|463|463|3|0.0057373|0.0024574|0.0085918
instance1239_m=4_n=25_l=15_c=10_s=2|219|219|2|0.005924|0.0017621|0.0080562
instance1240_m=4_n=25_l=15_c=10_s=0|371|371|3|0.0057308|0.0023223|0.0084318
instance1241_m=4_n=25_l=15_c=10_s=1|451|451|3|0.0057096|0.0023194|0.0084056
instance1242_m=4_n=25_l=15_c=10_s=2|180|180|2|0.0054055|0.0016397|0.0073889
instance1243_m=4_n=25_l=15_c=10_s=0|174|174|1|0.005613|0.001152|0.0071037
instance1244_m=4_n=25_l=15_c=10_s=1|406|406|3|0.0056547|0.0022882|0.0083129
instance1245_m=4_n=25_l=15_c=10_s=2|174|174|1|0.0052032|0.0011568|0.0067008
instance1246_m=4_n=25_l=15_c=10_s=0|321|321|3|0.0058743|0.002425|0.0086901
instance1247_m=4_n=25_l=15_c=10_s=1|486|486|3|0.0059132|0.0024417|0.0087477
instance1248_m=4_n=25_l=15_c=10_s=2|215|215|1|0.0057558|0.0011588|0.0072653
instance1249_m=4_n=25_l=15_c=10_s=0|409|409|2|0.0057816|0.0018351|0.0079987
instance1250_m=4_n=25_l=15_c=10_s=1|464|464|2|0.0057541|0.0018326|0.007966
instance1251_m=4_n=25_l=15_c=10_s=2|153|153|1|0.00557|0.0011919|0.0071127
instance1252_m=4_n=25_l=15_c=10_s=0|196|196|2|0.005993|0.0018259|0.0081948
instance1253_m=4_n=25_l=15_c=10_s=1|449|449|4|0.0064202|0.0031477|0.0099785
instance1254_m=4_n=25_l=15_c=10_s=2|175|175|1|0.0053042|0.0011191|0.0067615
instance1255_m=4_n=25_l=15_c=10_s=0|450|450|3|0.0065918|0.0025941|0.009605
instance1256_m=4_n=25_l=15_c=10_s=1|495|495|3|0.0065319|0.0025939|0.0095399
instance1257_m=4_n=25_l=15_c=10_s=2|191|191|1|0.0059533|0.001234|0.0075653
instance1258_m=4_n=25_l=15_c=10_s=0|272|272|2|0.0056661|0.0017221|0.0077383
instance1259_m=4_n=25_l=15_c=10_s=1|495|495|2|0.0056822|0.0018422|0.0079067
instance1260_m=4_n=25_l=15_c=10_s=2|241|241|1|0.005787|0.00118|0.0073244
instance1261_m=4_n=25_l=15_c=10_s=0|257|257|3|0.0076083|0.0031255|0.011242
instance1262_m=4_n=25_l=15_c=10_s=1|485|485|4|0.0076297|0.0037267|0.0118496
instance1263_m=4_n=25_l=15_c=10_s=2|184|184|3|0.0068797|0.0028603|0.0102101
instance1264_m=4_n=25_l=15_c=10_s=0|320|320|4|0.0082489|0.0039139|0.0126809
instance1265_m=4_n=25_l=15_c=10_s=1|539|539|2|0.0080793|0.0023894|0.010967
instance1266_m=4_n=25_l=15_c=10_s=2|207|207|3|0.0072831|0.0028139|0.0105509
instance1267_m=4_n=25_l=15_c=10_s=0|239|239|1|0.0069077|0.0015537|0.0089197
instance1268_m=4_n=25_l=15_c=10_s=1|634|634|4|0.0078567|0.0042184|0.0126333
instance1269_m=4_n=25_l=15_c=10_s=2|219|219|2|0.0068408|0.0021432|0.0094315
instance1270_m=4_n=25_l=15_c=10_s=0|396|368|7|0.0086917|0.0076554|0.0169317
instance1271_m=4_n=25_l=15_c=10_s=1|555|555|4|0.0084978|0.0039786|0.0130041
instance1272_m=4_n=25_l=15_c=10_s=2|214|214|4|0.007201|0.0035559|0.0112311
instance1273_m=4_n=25_l=15_c=10_s=0|358|358|3|0.0076882|0.003165|0.0113684
instance1274_m=4_n=25_l=15_c=10_s=1|589|589|3|0.0074421|0.0032325|0.0111919
instance1275_m=4_n=25_l=15_c=10_s=2|228|228|4|0.0072708|0.003785|0.0115537
instance1276_m=4_n=25_l=15_c=10_s=0|292|292|3|0.0104432|0.0054583|0.0167906
instance1277_m=4_n=25_l=15_c=10_s=1|637|637|4|0.0078371|0.004355|0.0127582
instance1278_m=4_n=25_l=15_c=10_s=2|223|223|3|0.0070818|0.0031306|0.0107178
instance1279_m=4_n=25_l=15_c=10_s=0|436|462|2|0.007911|0.0024988|0.0109187
instance1280_m=4_n=25_l=15_c=10_s=1|563|630|3|0.0078855|0.0032121|0.011616
instance1281_m=4_n=25_l=15_c=10_s=2|207|207|1|0.0072391|0.0014988|0.0091847
instance1282_m=4_n=25_l=15_c=10_s=0|462|462|3|0.0080214|0.0031999|0.0117434
instance1283_m=4_n=25_l=15_c=10_s=1|572|572|4|0.0078337|0.0039924|0.0123576
instance1284_m=4_n=25_l=15_c=10_s=2|223|223|3|0.0064086|0.002695|0.0095507
instance1285_m=4_n=25_l=15_c=10_s=0|251|251|3|0.0076962|0.0039547|0.0121688
instance1286_m=4_n=25_l=15_c=10_s=1|567|567|3|0.0079318|0.0031825|0.0116285
instance1287_m=4_n=25_l=15_c=10_s=2|200|200|2|0.0075709|0.002313|0.0103681
instance1288_m=4_n=25_l=15_c=10_s=0|195|195|3|0.0065555|0.0027588|0.0097712
instance1289_m=4_n=25_l=15_c=10_s=1|476|476|4|0.0085128|0.0040095|0.0130878
instance1290_m=4_n=25_l=15_c=10_s=2|179|179|2|0.0063367|0.0019497|0.0087057
instance1291_m=4_n=25_l=15_c=10_s=0|228|228|1|0.0056951|0.0011608|0.0072117
instance1292_m=4_n=25_l=15_c=10_s=1|462|462|3|0.0063936|0.0025987|0.0094112
instance1293_m=4_n=25_l=15_c=10_s=2|225|225|1|0.0057747|0.0012276|0.0073604
instance1294_m=4_n=25_l=15_c=10_s=0|256|256|3|0.0059083|0.0023742|0.0086685
instance1295_m=4_n=25_l=15_c=10_s=1|382|382|3|0.0059706|0.0023867|0.0087503
instance1296_m=4_n=25_l=15_c=10_s=2|177|177|0|0.0055573|0.0006119|0.0064991
instance1297_m=4_n=25_l=15_c=10_s=0|289|289|2|0.0065208|0.0019767|0.0089093
instance1298_m=4_n=25_l=15_c=10_s=1|483|483|3|0.0068605|0.0027803|0.0100874
instance1299_m=4_n=25_l=15_c=10_s=2|232|232|3|0.0062219|0.0025779|0.0092192
instance1300_m=4_n=25_l=15_c=10_s=0|296|296|2|0.0059758|0.0019394|0.0083204
instance1301_m=4_n=25_l=15_c=10_s=1|417|417|2|0.0057538|0.0019454|0.0081046
instance1302_m=4_n=25_l=15_c=10_s=2|175|175|1|0.0055765|0.0011495|0.0070676
instance1303_m=4_n=25_l=15_c=10_s=0|272|272|3|0.0061863|0.0026299|0.0092404
instance1304_m=4_n=25_l=15_c=10_s=1|530|530|2|0.0065907|0.0019914|0.0089956
instance1305_m=4_n=25_l=15_c=10_s=2|227|227|1|0.0061695|0.0013212|0.0078761
instance1306_m=4_n=25_l=15_c=10_s=0|346|346|3|0.0066597|0.0027576|0.009847
instance1307_m=4_n=25_l=15_c=10_s=1|454|454|2|0.0066898|0.0020281|0.0091445
instance1308_m=4_n=25_l=15_c=10_s=2|176|176|3|0.0056708|0.0021768|0.008205
instance1309_m=4_n=25_l=15_c=10_s=0|390|390|2|0.0063696|0.0019917|0.0087715
instance1310_m=4_n=25_l=15_c=10_s=1|520|520|2|0.0064264|0.0020052|0.0088463
instance1311_m=4_n=25_l=15_c=10_s=2|210|210|1|0.0058442|0.0012031|0.0074014
instance1312_m=4_n=25_l=15_c=10_s=0|308|308|2|0.0061605|0.001813|0.0083505
instance1313_m=4_n=25_l=15_c=10_s=1|389|389|2|0.0060797|0.0018154|0.0082704
instance1314_m=4_n=25_l=15_c=10_s=2|171|171|2|0.0055528|0.0016484|0.0075463
instance1315_m=4_n=25_l=15_c=10_s=0|413|413|2|0.0062443|0.0018795|0.0085141
instance1316_m=4_n=25_l=15_c=10_s=1|458|456|4|0.0062664|0.0038377|0.0105227
instance1317_m=4_n=25_l=15_c=10_s=2|214|214|1|0.0062388|0.0013258|0.0079453
instance1318_m=4_n=25_l=15_c=10_s=0|295|295|2|0.0056298|0.0018172|0.0078197
instance1319_m=4_n=25_l=15_c=10_s=1|464|464|2|0.0056042|0.0018438|0.0078355
instance1320_m=4_n=25_l=15_c=10_s=2|202|202|1|0.0056313|0.0012297|0.0072226
instance1321_m=4_n=25_l=20_c=10_s=0|448|448|3|0.0069501|0.0031322|0.0105801
instance1322_m=4_n=25_l=20_c=10_s=1|622|622|3|0.0069019|0.0031526|0.0105552
instance1323_m=4_n=25_l=20_c=10_s=2|209|209|2|0.0065691|0.0022366|0.0092598
instance1324_m=4_n=25_l=20_c=10_s=0|433|433|3|0.0071532|0.0031638|0.0108253
instance1325_m=4_n=25_l=20_c=10_s=1|738|738|3|0.0069021|0.0032119|0.0106287
instance1326_m=4_n=25_l=20_c=10_s=2|220|220|2|0.006472|0.002125|0.0090393
instance1327_m=4_n=25_l=20_c=10_s=0|237|237|4|0.0077591|0.0036759|0.0119234
instance1328_m=4_n=25_l=20_c=10_s=1|616|616|4|0.0071876|0.0037496|0.0114289
instance1329_m=4_n=25_l=20_c=10_s=2|188|188|1|0.0065314|0.0014724|0.0084296
instance1330_m=4_n=25_l=20_c=10_s=0|523|480|6|0.0071984|0.0066352|0.0143743
instance1331_m=4_n=25_l=20_c=10_s=1|637|637|3|0.006918|0.0031272|0.0105469
instance1332_m=4_n=25_l=20_c=10_s=2|198|198|2|0.0066226|0.0021974|0.0092763
instance1333_m=4_n=25_l=20_c=10_s=0|470|467|7|0.0075074|0.0079525|0.016001
instance1334_m=4_n=25_l=20_c=10_s=1|673|670|7|0.0075275|0.0073265|0.0153963
instance1335_m=4_n=25_l=20_c=10_s=2|195|195|3|0.0067467|0.0028252|0.0100115
instance1336_m=4_n=25_l=20_c=10_s=0|550|526|7|0.0077786|0.007487|0.0158075
instance1337_m=4_n=25_l=20_c=10_s=1|653|631|7|0.0077128|0.0071947|0.0154431
instance1338_m=4_n=25_l=20_c=10_s=2|187|187|3|0.0064154|0.0027288|0.0095851
instance1339_m=4_n=25_l=20_c=10_s=0|274|274|3|0.0066881|0.0032609|0.0104586
instance1340_m=4_n=25_l=20_c=10_s=1|733|733|3|0.0074044|0.0033676|0.0112978
instance1341_m=4_n=25_l=20_c=10_s=2|205|205|2|0.0066485|0.0022635|0.0093767
instance1342_m=4_n=25_l=20_c=10_s=0|260|260|3|0.0071412|0.0030441|0.0106641
instance1343_m=4_n=25_l=20_c=10_s=1|684|684|3|0.0072347|0.0032897|0.0110104
instance1344_m=4_n=25_l=20_c=10_s=2|159|159|2|0.0067797|0.0022945|0.0095216
instance1345_m=4_n=25_l=20_c=10_s=0|253|253|3|0.0070311|0.0030779|0.0105997
instance1346_m=4_n=25_l=20_c=10_s=1|671|671|3|0.0068478|0.0028899|0.0101946
instance1347_m=4_n=25_l=20_c=10_s=2|188|188|4|0.0070833|0.003644|0.0112
instance1348_m=4_n=25_l=20_c=10_s=0|404|382|4|0.0068533|0.0035814|0.010914
instance1349_m=4_n=25_l=20_c=10_s=1|704|699|6|0.0068675|0.0063567|0.0137373
instance1350_m=4_n=25_l=20_c=10_s=2|251|251|1|0.0067289|0.0014397|0.0085857
instance1351_m=4_n=25_l=20_c=10_s=0|526|507|7|0.0081023|0.0077788|0.0164826
instance1352_m=4_n=25_l=20_c=10_s=1|578|635|3|0.0080331|0.0032968|0.0118649
instance1353_m=4_n=25_l=20_c=10_s=2|170|170|2|0.0079617|0.0027122|0.0112473
instance1354_m=4_n=25_l=20_c=10_s=0|262|262|4|0.0077908|0.0041229|0.0124626
instance1355_m=4_n=25_l=20_c=10_s=1|749|681|6|0.007766|0.0069261|0.0152679
instance1356_m=4_n=25_l=20_c=10_s=2|224|224|3|0.0072811|0.0031529|0.0109364
instance1357_m=4_n=25_l=20_c=10_s=0|463|463|3|0.0077016|0.0036674|0.0119447
instance1358_m=4_n=25_l=20_c=10_s=1|708|708|4|0.0080531|0.0043887|0.0130148
instance1359_m=4_n=25_l=20_c=10_s=2|198|198|3|0.0072129|0.003361|0.0111195
instance1360_m=4_n=25_l=20_c=10_s=0|530|506|11|0.0082267|0.0129297|0.0218089
instance1361_m=4_n=25_l=20_c=10_s=1|752|686|9|0.0081356|0.0107114|0.0194643
instance1362_m=4_n=25_l=20_c=10_s=2|176|176|2|0.0071092|0.0022902|0.0098739
instance1363_m=4_n=25_l=20_c=10_s=0|534|491|11|0.0086332|0.0129524|0.022233
instance1364_m=4_n=25_l=20_c=10_s=1|782|782|3|0.0086625|0.0034908|0.0127023
instance1365_m=4_n=25_l=20_c=10_s=2|207|207|3|0.0081117|0.0033107|0.011953
instance1366_m=4_n=25_l=20_c=10_s=0|604|604|3|0.0083144|0.0035899|0.0124756
instance1367_m=4_n=25_l=20_c=10_s=1|744|744|3|0.0084516|0.0035575|0.0125623
instance1368_m=4_n=25_l=20_c=10_s=2|174|175|4|0.0083465|0.0042071|0.0131062
instance1369_m=4_n=25_l=20_c=10_s=0|521|501|8|0.0081144|0.0087225|0.0174369
instance1370_m=4_n=25_l=20_c=10_s=1|769|682|7|0.0080922|0.0077236|0.0163899
instance1371_m=4_n=25_l=20_c=10_s=2|238|238|3|0.0073409|0.003148|0.0109995
instance1372_m=4_n=25_l=20_c=10_s=0|494|494|3|0.0079629|0.0034345|0.0119494
instance1373_m=4_n=25_l=20_c=10_s=1|654|654|3|0.007926|0.0034166|0.0118976
instance1374_m=4_n=25_l=20_c=10_s=2|180|180|2|0.0079042|0.002524|0.0109475
instance1375_m=4_n=25_l=20_c=10_s=0|398|398|4|0.0083163|0.0043739|0.0132574
instance1376_m=4_n=25_l=20_c=10_s=1|720|720|4|0.0081068|0.0043138|0.0129844
instance1377_m=4_n=25_l=20_c=10_s=2|190|190|3|0.0075203|0.0031095|0.0111238
instance1378_m=4_n=25_l=20_c=10_s=0|420|420|3|0.0077264|0.0033333|0.0115972
instance1379_m=4_n=25_l=20_c=10_s=1|694|694|5|0.0079954|0.0054717|0.0140171
instance1380_m=4_n=25_l=20_c=10_s=2|259|259|3|0.0076647|0.003378|0.0115871
instance1381_m=4_n=25_l=20_c=15_s=0|418|418|4|0.015443|0.0078128|0.0242674
instance1382_m=4_n=25_l=20_c=15_s=1|649|649|4|0.015146|0.0072551|0.0233551
instance1383_m=4_n=25_l=20_c=15_s=2|196|196|2|0.0117642|0.0040247|0.0166244
instance1384_m=4_n=25_l=20_c=15_s=0|529|529|5|0.0151583|0.0091983|0.0253873
instance1385_m=4_n=25_l=20_c=15_s=1|645|645|4|0.0149208|0.0075947|0.0234993
instance1386_m=4_n=25_l=20_c=15_s=2|182|182|4|0.01222|0.0062233|0.0192693
instance1387_m=4_n=25_l=20_c=15_s=0|229|229|3|0.0114461|0.0055401|0.0178745
instance1388_m=4_n=25_l=20_c=15_s=1|701|701|4|0.0140867|0.0075964|0.0226757
instance1389_m=4_n=25_l=20_c=15_s=2|209|209|2|0.0113042|0.004092|0.0162495
instance1390_m=4_n=25_l=20_c=15_s=0|535|535|2|0.0116451|0.0041642|0.0166664
instance1391_m=4_n=25_l=20_c=15_s=1|633|633|2|0.0118168|0.0041295|0.0168016
instance1392_m=4_n=25_l=20_c=15_s=2|209|209|4|0.0113827|0.0065046|0.0187501
instance1393_m=4_n=25_l=20_c=15_s=0|542|542|3|0.0138481|0.0061302|0.0209616
instance1394_m=4_n=25_l=20_c=15_s=1|661|661|3|0.0137973|0.0059525|0.0207114
instance1395_m=4_n=25_l=20_c=15_s=2|174|174|1|0.0132958|0.0032197|0.0174878
instance1396_m=4_n=25_l=20_c=15_s=0|611|611|4|0.0152399|0.0078618|0.0240947
instance1397_m=4_n=25_l=20_c=15_s=1|695|695|4|0.0153538|0.0076601|0.024036
instance1398_m=4_n=25_l=20_c=15_s=2|226|226|3|0.0144111|0.0061227|0.0215396
instance1399_m=4_n=25_l=20_c=15_s=0|438|425|5|0.0122816|0.0107436|0.0240265
instance1400_m=4_n=25_l=20_c=15_s=1|627|614|5|0.0122431|0.0107489|0.0239972
instance1401_m=4_n=25_l=20_c=15_s=2|187|187|3|0.0116997|0.0055515|0.0181377
instance1402_m=4_n=25_l=20_c=15_s=0|219|219|3|0.0117007|0.0053239|0.0179034
instance1403_m=4_n=25_l=20_c=15_s=1|672|672|3|0.0125284|0.0059877|0.0194914
instance1404_m=4_n=25_l=20_c=15_s=2|185|185|3|0.0144773|0.0068611|0.0224342
instance1405_m=4_n=25_l=20_c=15_s=0|553|553|4|0.0142931|0.0070874|0.0223246
instance1406_m=4_n=25_l=20_c=15_s=1|631|631|4|0.0142734|0.0070944|0.0223112
instance1407_m=4_n=25_l=20_c=15_s=2|175|174|10|0.0120657|0.0160276|0.0290599
instance1408_m=4_n=25_l=20_c=15_s=0|603|603|4|0.0125761|0.0081388|0.021726
instance1409_m=4_n=25_l=20_c=15_s=1|694|694|4|0.0128024|0.0075828|0.0213876
instance1410_m=4_n=25_l=20_c=15_s=2|205|205|4|0.0110274|0.0061194|0.0179755
instance1411_m=4_n=25_l=20_c=15_s=0|268|268|3|0.0096623|0.0043128|0.0146411
instance1412_m=4_n=25_l=20_c=15_s=1|424|424|3|0.00962|0.0041866|0.0144585
instance1413_m=4_n=25_l=20_c=15_s=2|180|180|3|0.0084778|0.0037161|0.012801
instance1414_m=4_n=25_l=20_c=15_s=0|432|432|3|0.0092364|0.0042776|0.0141844
instance1415_m=4_n=25_l=20_c=15_s=1|487|487|2|0.0091508|0.0030646|0.0128514
instance1416_m=4_n=25_l=20_c=15_s=2|207|207|2|0.0091523|0.0029509|0.0127311
instance1417_m=4_n=25_l=20_c=15_s=0|225|225|4|0.0102778|0.0062832|0.0177518
instance1418_m=4_n=25_l=20_c=15_s=1|534|534|2|0.0097552|0.0033591|0.0138114
instance1419_m=4_n=25_l=20_c=15_s=2|207|207|2|0.0095127|0.0030503|0.0132293
instance1420_m=4_n=25_l=20_c=15_s=0|190|190|4|0.0086352|0.0047716|0.0140447
instance1421_m=4_n=25_l=20_c=15_s=1|478|478|3|0.0093252|0.0040474|0.0140265
instance1422_m=4_n=25_l=20_c=15_s=2|180|180|3|0.0091431|0.0042305|0.0140583
instance1423_m=4_n=25_l=20_c=15_s=0|292|292|3|0.0095602|0.0040833|0.0143126
instance1424_m=4_n=25_l=20_c=15_s=1|459|459|2|0.009994|0.0032823|0.0139401
instance1425_m=4_n=25_l=20_c=15_s=2|152|152|2|0.008908|0.003038|0.0125595
instance1426_m=4_n=25_l=20_c=15_s=0|203|203|2|0.0085618|0.0031297|0.0123377
instance1427_m=4_n=25_l=20_c=15_s=1|577|577|3|0.0094441|0.00466|0.0148191
instance1428_m=4_n=25_l=20_c=15_s=2|171|171|3|0.008598|0.0040548|0.013301
instance1429_m=4_n=25_l=20_c=15_s=0|227|227|2|0.0084907|0.0028614|0.0119525
instance1430_m=4_n=25_l=20_c=15_s=1|440|440|2|0.0083952|0.0028319|0.0118169
instance1431_m=4_n=25_l=20_c=15_s=2|190|190|2|0.0081876|0.002901|0.011694
instance1432_m=4_n=25_l=20_c=15_s=0|235|235|3|0.0092753|0.0044763|0.0144189
instance1433_m=4_n=25_l=20_c=15_s=1|538|538|3|0.0092858|0.0041086|0.0140499
instance1434_m=4_n=25_l=20_c=15_s=2|194|194|2|0.0083892|0.0029186|0.0119103
instance1435_m=4_n=25_l=20_c=15_s=0|490|490|3|0.0103998|0.0044711|0.0155871
instance1436_m=4_n=25_l=20_c=15_s=1|568|568|3|0.010439|0.0054532|0.016614
instance1437_m=4_n=25_l=20_c=15_s=2|217|217|1|0.0081581|0.0020192|0.0107727
instance1438_m=4_n=25_l=20_c=15_s=0|304|304|2|0.0087913|0.0030523|0.0124833
instance1439_m=4_n=25_l=20_c=15_s=1|431|431|2|0.0085775|0.0032696|0.0129297
instance1440_m=4_n=25_l=20_c=15_s=2|131|131|2|0.0087339|0.0028167|0.0121339
instance721_m=2_n=25_l=15_c=10_s=0|877|877|8|0.0165752|0.0071162|0.0242226
instance722_m=2_n=25_l=15_c=10_s=1|1204|1136|16|0.0168764|0.0145091|0.0319527
instance723_m=2_n=25_l=15_c=10_s=2|322|320|19|0.0135297|0.0156285|0.0296914
instance724_m=2_n=25_l=15_c=10_s=0|847|847|8|0.0166023|0.0074649|0.0246101
instance725_m=2_n=25_l=15_c=10_s=1|1224|1212|15|0.0173564|0.0137027|0.031582
instance726_m=2_n=25_l=15_c=10_s=2|405|404|8|0.0141402|0.0065604|0.0211838
instance727_m=2_n=25_l=15_c=10_s=0|641|641|7|0.0170517|0.0057073|0.0232455
instance728_m=2_n=25_l=15_c=10_s=1|1213|1213|7|0.0175272|0.0058219|0.0238349
instance729_m=2_n=25_l=15_c=10_s=2|438|428|14|0.0152129|0.0113033|0.0269973
instance730_m=2_n=25_l=15_c=10_s=0|655|655|7|0.0158548|0.0059418|0.0222958
instance731_m=2_n=25_l=15_c=10_s=1|1183|1250|9|0.0163251|0.0077532|0.0246027
instance732_m=2_n=25_l=15_c=10_s=2|414|411|16|0.0139311|0.0145835|0.0290373
instance733_m=2_n=25_l=15_c=10_s=0|633|638|8|0.0159559|0.0068583|0.023305
instance734_m=2_n=25_l=15_c=10_s=1|1206|1205|10|0.0159504|0.0091214|0.0255913
instance735_m=2_n=25_l=15_c=10_s=2|352|352|6|0.0121821|0.0046391|0.0172604
instance736_m=2_n=25_l=15_c=10_s=0|955|955|9|0.0169934|0.0080569|0.0255569
instance737_m=2_n=25_l=15_c=10_s=1|1266|1266|10|0.0175808|0.0084092|0.0265144
instance738_m=2_n=25_l=15_c=10_s=2|446|443|7|0.0141956|0.0058284|0.020501
instance739_m=2_n=25_l=15_c=10_s=0|811|811|8|0.0157401|0.0068258|0.0230744
instance740_m=2_n=25_l=15_c=10_s=1|1239|1171|15|0.016012|0.0135093|0.0300739
instance741_m=2_n=25_l=15_c=10_s=2|327|326|13|0.0131609|0.0104928|0.0241321
instance742_m=2_n=25_l=15_c=10_s=0|586|560|18|0.0136335|0.0158212|0.0300089
instance743_m=2_n=25_l=15_c=10_s=1|1402|1402|7|0.0153457|0.0066582|0.0225394
instance744_m=2_n=25_l=15_c=10_s=2|391|389|27|0.0127149|0.0229837|0.0362667
instance745_m=2_n=25_l=15_c=10_s=0|428|422|18|0.0128599|0.013698|0.0270469
instance746_m=2_n=25_l=15_c=10_s=1|1244|1112|15|0.0149694|0.0131397|0.0286542
instance747_m=2_n=25_l=15_c=10_s=2|406|406|7|0.0129449|0.0052062|0.0185745
instance748_m=2_n=25_l=15_c=10_s=0|690|631|23|0.0170345|0.0199632|0.0375508
instance749_m=2_n=25_l=15_c=10_s=1|1327|1141|15|0.0173969|0.0124812|0.0303911
instance750_m=2_n=25_l=15_c=10_s=2|474|462|23|0.014032|0.02028|0.0348673
instance751_m=2_n=25_l=15_c=10_s=0|1015|871|25|0.01505|0.019359|0.034906
instance752_m=2_n=25_l=15_c=10_s=1|1275|1071|25|0.0157486|0.0194135|0.0356656
instance753_m=2_n=25_l=15_c=10_s=2|400|403|8|0.0123138|0.0052858|0.0180032
instance754_m=2_n=25_l=15_c=10_s=0|695|695|8|0.013819|0.006012|0.0202799
instance755_m=2_n=25_l=15_c=10_s=1|1092|1092|8|0.0137577|0.0058888|0.0200746
instance756_m=2_n=25_l=15_c=10_s=2|335|335|7|0.0114515|0.0048123|0.0166718
instance757_m=2_n=25_l=15_c=10_s=0|520|490|21|0.0118312|0.0160282|0.0283389
instance758_m=2_n=25_l=15_c=10_s=1|1134|1202|8|0.0133746|0.0057372|0.0195228
instance759_m=2_n=25_l=15_c=10_s=2|393|393|7|0.0104541|0.0047482|0.0156003
instance760_m=2_n=25_l=15_c=10_s=0|634|634|8|0.0133543|0.0059695|0.0197389
instance761_m=2_n=25_l=15_c=10_s=1|1270|1270|8|0.0131348|0.0057393|0.0193023
instance762_m=2_n=25_l=15_c=10_s=2|456|456|6|0.0108409|0.0041362|0.0153712
instance763_m=2_n=25_l=15_c=10_s=0|689|689|6|0.0118915|0.0042934|0.0165915
instance764_m=2_n=25_l=15_c=10_s=1|1245|1245|8|0.0134464|0.0056233|0.0195293
instance765_m=2_n=25_l=15_c=10_s=2|420|419|12|0.011206|0.0091898|0.0208346
instance766_m=2_n=25_l=15_c=10_s=0|773|773|7|0.0135485|0.0077958|0.0220355
instance767_m=2_n=25_l=15_c=10_s=1|1011|1011|7|0.0117119|0.0048591|0.0169862
instance768_m=2_n=25_l=15_c=10_s=2|332|329|14|0.0109435|0.009066|0.0204043
instance769_m=2_n=25_l=15_c=10_s=0|957|899|22|0.0126074|0.0179067|0.0310168
instance770_m=2_n=25_l=15_c=10_s=1|1265|1131|22|0.0132418|0.0176483|0.0313872
instance771_m=2_n=25_l=15_c=10_s=2|399|399|7|0.0118555|0.0047004|0.0169568
instance772_m=2_n=25_l=15_c=10_s=0|771|771|7|0.0145745|0.0046612|0.0196274
instance773_m=2_n=25_l=15_c=10_s=1|1024|1024|7|0.0146298|0.0047032|0.0197281
instance774_m=2_n=25_l=15_c=10_s=2|295|295|8|0.0114593|0.0050726|0.0169164
instance775_m=2_n=25_l=15_c=10_s=0|961|961|9|0.0134276|0.0063356|0.0201901
instance776_m=2_n=25_l=15_c=10_s=1|1124|1124|7|0.0138295|0.0048425|0.0190969
instance777_m=2_n=25_l=15_c=10_s=2|403|403|7|0.013548|0.0055388|0.0195773
instance778_m=2_n=25_l=15_c=10_s=0|670|644|15|0.0132881|0.0107058|0.0244422
instance779_m=2_n=25_l=15_c=10_s=1|1049|1030|13|0.0125922|0.0096608|0.0227115
instance780_m=2_n=25_l=15_c=10_s=2|383|383|7|0.0106164|0.0042584|0.0152344
instance781_m=2_n=25_l=15_c=10_s=0|777|914|2|0.0169392|0.0026659|0.0201968
instance782_m=2_n=25_l=15_c=10_s=1|1384|1384|8|0.0179289|0.0105498|0.0292107
instance783_m=2_n=25_l=15_c=10_s=2|452|452|6|0.0134639|0.0053423|0.0193127
instance784_m=2_n=25_l=15_c=10_s=0|423|423|6|0.0161528|0.0067309|0.023515
instance785_m=2_n=25_l=15_c=10_s=1|1249|1249|8|0.0179565|0.009374|0.0280243
instance786_m=2_n=25_l=15_c=10_s=2|423|423|6|0.0161864|0.0067605|0.0235788
instance787_m=2_n=25_l=15_c=10_s=0|1100|1100|10|0.0196768|0.0136142|0.0341493
instance788_m=2_n=25_l=15_c=10_s=1|1267|1201|17|0.0199756|0.0196473|0.0403339
instance789_m=2_n=25_l=15_c=10_s=2|444|444|8|0.0145472|0.0090357|0.0242503
instance790_m=2_n=25_l=15_c=10_s=0|1115|1115|7|0.0181933|0.0085371|0.0274402
instance791_m=2_n=25_l=15_c=10_s=1|1363|1248|23|0.0174313|0.0282735|0.0464811
instance792_m=2_n=25_l=15_c=10_s=2|466|466|7|0.0153279|0.0075801|0.0235434
instance793_m=2_n=25_l=15_c=10_s=0|696|696|9|0.0173126|0.0109431|0.0290153
instance794_m=2_n=25_l=15_c=10_s=1|1235|1235|9|0.0178426|0.0095385|0.028003
instance795_m=2_n=25_l=15_c=10_s=2|384|384|6|0.0161558|0.0074702|0.0243221
instance796_m=2_n=25_l=15_c=10_s=0|677|677|10|0.0173487|0.0125005|0.0306098
instance797_m=2_n=25_l=15_c=10_s=1|1368|1368|9|0.0172554|0.0095479|0.0274357
instance798_m=2_n=25_l=15_c=10_s=2|459|459|8|0.0151128|0.0071364|0.0227905
instance799_m=2_n=25_l=15_c=10_s=0|923|923|9|0.0188239|0.0086876|0.0280987
instance800_m=2_n=25_l=15_c=10_s=1|1364|1364|9|0.0190774|0.0088026|0.028471
instance801_m=2_n=25_l=15_c=10_s=2|439|437|14|0.0154209|0.016072|0.0321716
instance802_m=2_n=25_l=15_c=10_s=0|708|708|8|0.0169534|0.0086066|0.0262018
instance803_m=2_n=25_l=15_c=10_s=1|1228|1228|8|0.0173764|0.0093517|0.0274223
instance804_m=2_n=25_l=15_c=10_s=2|417|417|7|0.0137077|0.0076449|0.0219721
instance805_m=2_n=25_l=15_c=10_s=0|1064|1064|8|0.0179938|0.0106885|0.0294573
instance806_m=2_n=25_l=15_c=10_s=1|1232|1232|8|0.0179107|0.0106886|0.0293746
instance807_m=2_n=25_l=15_c=10_s=2|314|314|7|0.0140344|0.0064062|0.0209771
instance808_m=2_n=25_l=15_c=10_s=0|434|432|14|0.0151623|0.0166916|0.0325715
instance809_m=2_n=25_l=15_c=10_s=1|1280|1280|10|0.0166748|0.0108675|0.0282091
instance810_m=2_n=25_l=15_c=10_s=2|383|383|9|0.015177|0.008589|0.0243533
instance811_m=2_n=25_l=15_c=10_s=0|898|864|14|0.0154797|0.0112297|0.0272063
instance812_m=2_n=25_l=15_c=10_s=1|1083|1093|8|0.0154195|0.0058992|0.0217556
instance813_m=2_n=25_l=15_c=10_s=2|382|382|6|0.012049|0.004733|0.0172195
instance814_m=2_n=25_l=15_c=10_s=0|798|788|16|0.0129092|0.0118438|0.0252278
instance815_m=2_n=25_l=15_c=10_s=1|1286|1218|16|0.0137819|0.0120185|0.0262799
instance816_m=2_n=25_l=15_c=10_s=2|451|451|6|0.0106783|0.0043389|0.0154272
instance817_m=2_n=25_l=15_c=10_s=0|582|564|14|0.01385|0.011392|0.0257344
instance818_m=2_n=25_l=15_c=10_s=1|1149|1083|13|0.0135838|0.0103941|0.0244664
instance819_m=2_n=25_l=15_c=10_s=2|395|391|22|0.0119255|0.0170302|0.0294353
instance820_m=2_n=25_l=15_c=10_s=0|645|645|7|0.0147732|0.0054423|0.020673
instance821_m=2_n=25_l=15_c=10_s=1|1122|1122|7|0.0145662|0.0053811|0.0203907
instance822_m=2_n=25_l=15_c=10_s=2|395|395|6|0.0114523|0.0045445|0.0164556
instance823_m=2_n=25_l=15_c=10_s=0|872|796|13|0.0164489|0.0103541|0.0272704
instance824_m=2_n=25_l=15_c=10_s=1|1296|1115|14|0.0163142|0.0109307|0.0277156
instance825_m=2_n=25_l=15_c=10_s=2|424|424|6|0.0129335|0.0043416|0.0176767
instance826_m=2_n=25_l=15_c=10_s=0|542|542|7|0.0145317|0.0055343|0.020521
instance827_m=2_n=25_l=15_c=10_s=1|1175|1243|8|0.0144244|0.0065807|0.021478
instance828_m=2_n=25_l=15_c=10_s=2|420|420|7|0.0129223|0.0053081|0.0186661
instance829_m=2_n=25_l=15_c=10_s=0|998|998|6|0.0140701|0.0046877|0.0191938
instance830_m=2_n=25_l=15_c=10_s=1|1093|1085|12|0.0140559|0.0093312|0.0238475
instance831_m=2_n=25_l=15_c=10_s=2|448|448|5|0.0125869|0.0036274|0.0166142
instance832_m=2_n=25_l=15_c=10_s=0|570|570|7|0.0139036|0.0053761|0.0197246
instance833_m=2_n=25_l=15_c=10_s=1|1068|1001|15|0.0151584|0.0114206|0.0270414
instance834_m=2_n=25_l=15_c=10_s=2|379|379|7|0.0116333|0.0049283|0.0169808
instance835_m=2_n=25_l=15_c=10_s=0|772|772|8|0.0146163|0.0063796|0.0214767
instance836_m=2_n=25_l=15_c=10_s=1|1167|1100|8|0.0144551|0.0063637|0.0212868
instance837_m=2_n=25_l=15_c=10_s=2|363|363|7|0.0116636|0.0053275|0.0174325
instance838_m=2_n=25_l=15_c=10_s=0|690|690|8|0.0132333|0.0057163|0.0193766
instance839_m=2_n=25_l=15_c=10_s=1|1163|1163|7|0.0138105|0.0050545|0.019287
instance840_m=2_n=25_l=15_c=10_s=2|426|426|7|0.0124247|0.0049081|0.0177475
instance841_m=2_n=25_l=20_c=10_s=0|784|750|28|0.0178568|0.0348251|0.0534783
instance842_m=2_n=25_l=20_c=10_s=1|1574|1640|9|0.018586|0.0085887|0.0277418
instance843_m=2_n=25_l=20_c=10_s=2|434|434|9|0.0160313|0.010161|0.0268651
instance844_m=2_n=25_l=20_c=10_s=0|1489|1432|14|0.0186006|0.0139493|0.0331459
instance845_m=2_n=25_l=20_c=10_s=1|1679|1612|14|0.018441|0.0141541|0.0331859
instance846_m=2_n=25_l=20_c=10_s=2|530|530|8|0.0159454|0.007666|0.0241645
instance847_m=2_n=25_l=20_c=10_s=0|718|737|9|0.0166424|0.0082622|0.0254498
instance848_m=2_n=25_l=20_c=10_s=1|1631|1631|11|0.0175124|0.0105861|0.0286941
instance849_m=2_n=25_l=20_c=10_s=2|383|380|16|0.0131949|0.016097|0.0299076
instance850_m=2_n=25_l=20_c=10_s=0|971|971|10|0.0182538|0.009777|0.0286065
instance851_m=2_n=25_l=20_c=10_s=1|1693|1693|10|0.0189236|0.009272|0.028774
instance852_m=2_n=25_l=20_c=10_s=2|428|426|19|0.0158451|0.0171739|0.0335975
instance853_m=2_n=25_l=20_c=10_s=0|1451|1436|16|0.0162604|0.0146885|0.0315033
instance854_m=2_n=25_l=20_c=10_s=1|1641|1606|16|0.0170815|0.0147224|0.0323654
instance855_m=2_n=25_l=20_c=10_s=2|418|418|9|0.0137453|0.0094056|0.0238444
instance856_m=2_n=25_l=20_c=10_s=0|842|822|18|0.0171039|0.0176956|0.0354246
instance857_m=2_n=25_l=20_c=10_s=1|1773|1772|18|0.0170579|0.0183687|0.0360405
instance858_m=2_n=25_l=20_c=10_s=2|460|460|9|0.0152578|0.0101383|0.0260629
instance859_m=2_n=25_l=20_c=10_s=0|867|867|8|0.018221|0.0068492|0.0255741
instance860_m=2_n=25_l=20_c=10_s=1|1578|1574|19|0.0186129|0.0178484|0.0370555
instance861_m=2_n=25_l=20_c=10_s=2|522|522|10|0.0172277|0.0087962|0.0265731
instance862_m=2_n=25_l=20_c=10_s=0|1311|1311|9|0.0176646|0.0080788|0.0263012
instance863_m=2_n=25_l=20_c=10_s=1|1491|1491|9|0.0180961|0.0104054|0.0291906
instance864_m=2_n=25_l=20_c=10_s=2|394|397|7|0.017208|0.0088082|0.0267442
instance865_m=2_n=25_l=20_c=10_s=0|944|944|10|0.0174338|0.0087326|0.0266963
instance866_m=2_n=25_l=20_c=10_s=1|1534|1534|11|0.0177075|0.0094191|0.0276609
instance867_m=2_n=25_l=20_c=10_s=2|426|423|18|0.015729|0.016634|0.0329269
instance868_m=2_n=25_l=20_c=10_s=0|817|817|10|0.0170279|0.0121381|0.0299085
instance869_m=2_n=25_l=20_c=10_s=1|1595|1603|10|0.0170895|0.0121204|0.0299516
instance870_m=2_n=25_l=20_c=10_s=2|376|374|24|0.0152082|0.0287257|0.0446558
instance871_m=2_n=25_l=20_c=10_s=0|706|652|34|0.0186384|0.0422735|0.0617099
instance872_m=2_n=25_l=20_c=10_s=1|1653|1653|8|0.0193186|0.0111818|0.0313153
instance873_m=2_n=25_l=20_c=10_s=2|345|345|10|0.0154167|0.0095693|0.025565
instance874_m=2_n=25_l=20_c=10_s=0|895|828|18|0.0183341|0.0228003|0.041907
instance875_m=2_n=25_l=20_c=10_s=1|1648|1580|20|0.0213589|0.0217918|0.0438424
instance876_m=2_n=25_l=20_c=10_s=2|354|354|9|0.0146449|0.0099964|0.025328
instance877_m=2_n=25_l=20_c=10_s=0|1330|1272|19|0.0192843|0.019369|0.0393092
instance878_m=2_n=25_l=20_c=10_s=1|1672|1672|9|0.0181118|0.0089265|0.0276396
instance879_m=2_n=25_l=20_c=10_s=2|446|446|8|0.0158434|0.0074887|0.0239001
instance880_m=2_n=25_l=20_c=10_s=0|1153|1114|10|0.0197624|0.0127943|0.0333134
instance881_m=2_n=25_l=20_c=10_s=1|1714|1582|20|0.0191835|0.0208668|0.0407054
instance882_m=2_n=25_l=20_c=10_s=2|405|404|16|0.0186275|0.0168055|0.0360514
instance883_m=2_n=25_l=20_c=10_s=0|998|964|27|0.0206965|0.028553|0.049948
instance884_m=2_n=25_l=20_c=10_s=1|1728|1815|4|0.0193661|0.0048958|0.0248492
instance885_m=2_n=25_l=20_c=10_s=2|328|328|16|0.0170096|0.0168813|0.0345275
instance886_m=2_n=25_l=20_c=10_s=0|659|691|8|0.0185454|0.008465|0.0276483
instance887_m=2_n=25_l=20_c=10_s=1|1562|1562|8|0.0198604|0.0100868|0.0306571
instance888_m=2_n=25_l=20_c=10_s=2|401|401|9|0.0167228|0.0112331|0.0287251
instance889_m=2_n=25_l=20_c=10_s=0|828|747|28|0.0207548|0.0308043|0.0522755
instance890_m=2_n=25_l=20_c=10_s=1|1768|1545|29|0.0208185|0.0355414|0.0570977
instance891_m=2_n=25_l=20_c=10_s=2|316|315|19|0.0181326|0.0256849|0.0445414
instance892_m=2_n=25_l=20_c=10_s=0|822|778|30|0.0200552|0.0324877|0.0532712
instance893_m=2_n=25_l=20_c=10_s=1|1728|1728|10|0.0202263|0.0136774|0.0348904
instance894_m=2_n=25_l=20_c=10_s=2|412|410|27|0.0167062|0.0286408|0.0460419
instance895_m=2_n=25_l=20_c=10_s=0|1491|1273|29|0.0197993|0.0322965|0.0528119
instance896_m=2_n=25_l=20_c=10_s=1|1827|1561|27|0.0196326|0.0297984|0.0501331
instance897_m=2_n=25_l=20_c=10_s=2|387|387|8|0.0150393|0.0081871|0.023837
instance898_m=2_n=25_l=20_c=10_s=0|610|622|10|0.0193152|0.0101418|0.030079
instance899_m=2_n=25_l=20_c=10_s=1|1723|1790|11|0.0201866|0.0118279|0.0326744
instance900_m=2_n=25_l=20_c=10_s=2|394|392|20|0.0173142|0.0208109|0.0387814
instance901_m=2_n=25_l=20_c=15_s=0|912|825|28|0.038722|0.0590923|0.0991765
instance902_m=2_n=25_l=20_c=15_s=1|1524|1524|2|0.0394307|0.0050373|0.0455001
instance903_m=2_n=25_l=20_c=15_s=2|440|436|15|0.0296554|0.0268462|0.0575717
instance904_m=2_n=25_l=20_c=15_s=0|353|351|20|0.0289482|0.0356962|0.0658705
instance905_m=2_n=25_l=20_c=15_s=1|1425|1425|10|0.0361698|0.016905|0.0541137
instance906_m=2_n=25_l=20_c=15_s=2|337|337|9|0.0290897|0.0163481|0.0465421
instance907_m=2_n=25_l=20_c=15_s=0|737|718|17|0.031708|0.0341607|0.0670817
instance908_m=2_n=25_l=20_c=15_s=1|1526|1590|5|0.0346243|0.0107939|0.0465516
instance909_m=2_n=25_l=20_c=15_s=2|415|411|28|0.0286748|0.0509103|0.0807493
instance910_m=2_n=25_l=20_c=15_s=0|514|521|4|0.029974|0.0094902|0.0407082
instance911_m=2_n=25_l=20_c=15_s=1|1466|1534|8|0.0370351|0.0165079|0.0547481
instance912_m=2_n=25_l=20_c=15_s=2|406|408|8|0.0252631|0.0138526|0.0401483
instance913_m=2_n=25_l=20_c=15_s=0|440|437|20|0.0308307|0.0334942|0.0653995
instance914_m=2_n=25_l=20_c=15_s=1|1549|1549|9|0.035773|0.0164614|0.0533673
instance915_m=2_n=25_l=20_c=15_s=2|424|422|20|0.0300488|0.0335117|0.0646447
instance916_m=2_n=25_l=20_c=15_s=0|646|646|9|0.0311632|0.0187045|0.0511558
instance917_m=2_n=25_l=20_c=15_s=1|1578|1578|10|0.0331931|0.0203475|0.0548086
instance918_m=2_n=25_l=20_c=15_s=2|358|358|6|0.0285667|0.0119772|0.0416662
instance919_m=2_n=25_l=20_c=15_s=0|528|508|20|0.0331424|0.0359174|0.0701902
instance920_m=2_n=25_l=20_c=15_s=1|1565|1565|9|0.0360225|0.0158026|0.0529002
instance921_m=2_n=25_l=20_c=15_s=2|418|416|18|0.0303656|0.0304518|0.0618939
instance922_m=2_n=25_l=20_c=15_s=0|652|624|20|0.0331765|0.0365616|0.0709096
instance923_m=2_n=25_l=20_c=15_s=1|1564|1498|18|0.0388086|0.0352387|0.0753126
instance924_m=2_n=25_l=20_c=15_s=2|417|416|16|0.0253139|0.0283821|0.0547864
instance925_m=2_n=25_l=20_c=15_s=0|693|708|3|0.0338853|0.0071402|0.0421087
instance926_m=2_n=25_l=20_c=15_s=1|1589|1521|10|0.0352532|0.0174534|0.053782
instance927_m=2_n=25_l=20_c=15_s=2|363|363|6|0.0286088|0.0106981|0.0403393
instance928_m=2_n=25_l=20_c=15_s=0|707|724|5|0.0337181|0.010115|0.0449428
instance929_m=2_n=25_l=20_c=15_s=1|1593|1525|20|0.0357912|0.0390892|0.0761497
instance930_m=2_n=25_l=20_c=15_s=2|475|472|16|0.0267331|0.029056|0.056906
instance931_m=2_n=25_l=20_c=15_s=0|618|618|7|0.027312|0.0087652|0.0367978
instance932_m=2_n=25_l=20_c=15_s=1|1120|1120|6|0.0281169|0.007608|0.0364432
instance933_m=2_n=25_l=20_c=15_s=2|377|375|7|0.021658|0.010006|0.0324233
instance934_m=2_n=25_l=20_c=15_s=0|603|585|15|0.0229872|0.0177042|0.041407
instance935_m=2_n=25_l=20_c=15_s=1|1084|1084|6|0.0242813|0.0068895|0.0318245
instance936_m=2_n=25_l=20_c=15_s=2|439|423|14|0.0214068|0.0169961|0.0391361
instance937_m=2_n=25_l=20_c=15_s=0|801|801|7|0.0243314|0.0096556|0.0347444
instance938_m=2_n=25_l=20_c=15_s=1|1193|1193|9|0.0231817|0.011366|0.0352845
instance939_m=2_n=25_l=20_c=15_s=2|358|357|16|0.0179598|0.0210666|0.039854
instance940_m=2_n=25_l=20_c=15_s=0|846|838|14|0.0230657|0.020896|0.0448169
instance941_m=2_n=25_l=20_c=15_s=1|1240|1173|15|0.0236521|0.0210883|0.0455556
instance942_m=2_n=25_l=20_c=15_s=2|407|403|12|0.0187763|0.0156969|0.0352386
instance943_m=2_n=25_l=20_c=15_s=0|1073|1073|8|0.0237464|0.0095124|0.0339785
instance944_m=2_n=25_l=20_c=15_s=1|1205|1205|8|0.0237673|0.0097067|0.0341957
instance945_m=2_n=25_l=20_c=15_s=2|380|378|14|0.016557|0.0172806|0.0345786
instance946_m=2_n=25_l=20_c=15_s=0|508|506|14|0.0218584|0.0182595|0.0409471
instance947_m=2_n=25_l=20_c=15_s=1|1186|1186|7|0.0241371|0.0084961|0.0333624
instance948_m=2_n=25_l=20_c=15_s=2|400|397|16|0.0179388|0.0211457|0.03986
instance949_m=2_n=25_l=20_c=15_s=0|1013|931|23|0.0239765|0.0302381|0.0550063
instance950_m=2_n=25_l=20_c=15_s=1|1387|1227|28|0.0237469|0.0381686|0.0627613
instance951_m=2_n=25_l=20_c=15_s=2|515|515|6|0.0196047|0.0073353|0.0276038
instance952_m=2_n=25_l=20_c=15_s=0|414|411|12|0.0187031|0.0149888|0.0344311
instance953_m=2_n=25_l=20_c=15_s=1|1321|1256|16|0.0229428|0.0199855|0.0437107
instance954_m=2_n=25_l=20_c=15_s=2|389|389|5|0.0177262|0.00647|0.024878
instance955_m=2_n=25_l=20_c=15_s=0|496|496|16|0.0215481|0.0208295|0.0432124
instance956_m=2_n=25_l=20_c=15_s=1|1182|1182|6|0.0224543|0.0072756|0.0304302
instance957_m=2_n=25_l=20_c=15_s=2|379|380|7|0.0184917|0.008121|0.0273058
instance958_m=2_n=25_l=20_c=15_s=0|845|845|8|0.0233716|0.0092561|0.0333114
instance959_m=2_n=25_l=20_c=15_s=1|1121|1121|8|0.0232049|0.0093071|0.0331975
instance960_m=2_n=25_l=20_c=15_s=2|357|358|2|0.0203944|0.0033335|0.024405
instance961_m=3_n=25_l=15_c=10_s=0|408|408|5|0.0094197|0.0040921|0.0139653
instance962_m=3_n=25_l=15_c=10_s=1|686|686|4|0.0093835|0.0033839|0.0132047
instance963_m=3_n=25_l=15_c=10_s=2|274|274|5|0.0081239|0.0038918|0.0124471
instance964_m=3_n=25_l=15_c=10_s=0|592|592|5|0.0101694|0.0043365|0.0149939
instance965_m=3_n=25_l=15_c=10_s=1|809|809|4|0.0096947|0.0036341|0.0138072
instance966_m=3_n=25_l=15_c=10_s=2|315|305|9|0.0096668|0.0084519|0.018651
instance967_m=3_n=25_l=15_c=10_s=0|655|655|5|0.0092082|0.0046289|0.0143365
instance968_m=3_n=25_l=15_c=10_s=1|925|925|5|0.0095166|0.0047435|0.0147663
instance969_m=3_n=25_l=15_c=10_s=2|313|310|11|0.0088437|0.0096556|0.019029
instance970_m=3_n=25_l=15_c=10_s=0|519|519|5|0.0098703|0.0048206|0.0151954
instance971_m=3_n=25_l=15_c=10_s=1|818|769|14|0.0105708|0.0141675|0.0253084
instance972_m=3_n=25_l=15_c=10_s=2|236|236|2|0.0110547|0.0021019|0.0136244
instance973_m=3_n=25_l=15_c=10_s=0|448|423|10|0.0100921|0.0093535|0.0201053
instance974_m=3_n=25_l=15_c=10_s=1|747|747|5|0.0099213|0.0044266|0.0148355
instance975_m=3_n=25_l=15_c=10_s=2|259|259|4|0.0089534|0.0036343|0.013079
instance976_m=3_n=25_l=15_c=10_s=0|378|378|4|0.0094397|0.0037516|0.0136792
instance977_m=3_n=25_l=15_c=10_s=1|788|788|4|0.0094295|0.003776|0.0136935
instance978_m=3_n=25_l=15_c=10_s=2|246|246|2|0.0083177|0.0021409|0.0108877
instance979_m=3_n=25_l=15_c=10_s=0|406|378|9|0.0110299|0.0082081|0.0197347
instance980_m=3_n=25_l=15_c=10_s=1|872|806|10|0.0087062|0.0092213|0.0184397
instance981_m=3_n=25_l=15_c=10_s=2|275|274|6|0.0102169|0.0056722|0.0166225
instance982_m=3_n=25_l=15_c=10_s=0|343|343|2|0.00829|0.0020373|0.0107542
instance983_m=3_n=25_l=15_c=10_s=1|822|822|4|0.0091269|0.0035332|0.013122
instance984_m=3_n=25_l=15_c=10_s=2|337|337|2|0.0085824|0.0019748|0.0109767
instance985_m=3_n=25_l=15_c=10_s=0|525|560|4|0.0091368|0.0038451|0.0134802
instance986_m=3_n=25_l=15_c=10_s=1|780|848|4|0.009277|0.0037477|0.0135134
instance987_m=3_n=25_l=15_c=10_s=2|250|250|4|0.007989|0.0036049|0.0120539
instance988_m=3_n=25_l=15_c=10_s=0|648|648|4|0.0096978|0.0038352|0.0140351
instance989_m=3_n=25_l=15_c=10_s=1|830|830|6|0.0098193|0.0057049|0.0160581
instance990_m=3_n=25_l=15_c=10_s=2|299|299|3|0.0096949|0.0028605|0.0130169
instance991_m=3_n=25_l=15_c=10_s=0|456|456|4|0.0083117|0.0032248|0.011958
instance992_m=3_n=25_l=15_c=10_s=1|784|784|4|0.0083327|0.003259|0.0120133
instance993_m=3_n=25_l=15_c=10_s=2|264|264|3|0.0072445|0.0023765|0.0099725
instance994_m=3_n=25_l=15_c=10_s=0|640|624|11|0.0089299|0.0092059|0.0186223
instance995_m=3_n=25_l=15_c=10_s=1|816|800|11|0.0088402|0.0092088|0.0185388
instance996_m=3_n=25_l=15_c=10_s=2|308|308|4|0.0080156|0.0030508|0.0114611
instance997_m=3_n=25_l=15_c=10_s=0|424|402|10|0.008994|0.0078885|0.0173376
instance998_m=3_n=25_l=15_c=10_s=1|716|658|10|0.0092181|0.0077027|0.0173856
instance999_m=3_n=25_l=15_c=10_s=2|203|202|11|0.0081894|0.0082308|0.0168656
